ISO-10303-21;
HEADER;
FILE_DESCRIPTION (( 'STEP AP214' ),
    '1' );
FILE_NAME ('SLP3-150-100-F.STEP',
    '2023-11-20T15:21:01',
    ( '' ),
    ( '' ),
    'SwSTEP 2.0',
    'SolidWorks 2021',
    '' );
FILE_SCHEMA (( 'AUTOMOTIVE_DESIGN' ));
ENDSEC;

DATA;
#1 = CARTESIAN_POINT ( 'NONE',  ( 0.05750000000000000250, -0.05709155785906510489, -0.08638181755505607018 ) ) ;
#2 = VERTEX_POINT ( 'NONE', #1759 ) ;
#3 = SURFACE_STYLE_USAGE ( .BOTH. , #973 ) ;
#4 = CARTESIAN_POINT ( 'NONE',  ( 0.04250000000000000999, -0.05709253464102155562, -0.1256171367169089947 ) ) ;
#5 = UNCERTAINTY_MEASURE_WITH_UNIT (LENGTH_MEASURE( 1.000000000000000082E-05 ), #61, 'distance_accuracy_value', 'NONE');
#6 = VERTEX_POINT ( 'NONE', #2550 ) ;
#7 = CARTESIAN_POINT ( 'NONE',  ( 0.04250000000000001693, -0.05709155785906509101, -0.1256181824449440210 ) ) ;
#8 = DIRECTION ( 'NONE',  ( 0.000000000000000000, 0.000000000000000000, 1.000000000000000000 ) ) ;
#9 = ORIENTED_EDGE ( 'NONE', *, *, #2136, .F. ) ;
#10 = EDGE_CURVE ( 'NONE', #597, #20, #1558, .T. ) ;
#11 = VECTOR ( 'NONE', #1591, 39.37007874015748143 ) ;
#12 = CARTESIAN_POINT ( 'NONE',  ( -0.02615151996457636130, 0.000000000000000000, -0.000000000000000000 ) ) ;
#13 = CARTESIAN_POINT ( 'NONE',  ( 0.04250000000000001693, -0.04499999999999999833, -0.08638495475406701707 ) ) ;
#14 = ADVANCED_FACE ( 'NONE', ( #889 ), #1703, .F. ) ;
#15 = CARTESIAN_POINT ( 'NONE',  ( 0.06961713671690895888, -0.05709253464102156256, -0.09850000000000005973 ) ) ;
#16 = VERTEX_POINT ( 'NONE', #2193 ) ;
#17 = CIRCLE ( 'NONE', #348, 0.02100293032991129918 ) ;
#18 = CARTESIAN_POINT ( 'NONE',  ( -0.05000000000000000278, -0.04499999999999999833, -0.1060000000000000386 ) ) ;
#19 = AXIS2_PLACEMENT_3D ( 'NONE', #2319, #138, #1725 ) ;
#20 = VERTEX_POINT ( 'NONE', #2208 ) ;
#21 = CARTESIAN_POINT ( 'NONE',  ( -0.05000000000000000278, -0.06300000000000000044, -0.1060000000000000386 ) ) ;
#22 = AXIS2_PLACEMENT_3D ( 'NONE', #1215, #1000, #430 ) ;
#23 = CARTESIAN_POINT ( 'NONE',  ( 0.05750000000000000250, -0.05709155785906510489, -0.08638181755505607018 ) ) ;
#24 = AXIS2_PLACEMENT_3D ( 'NONE', #1810, #32, #583 ) ;
#25 = ORIENTED_EDGE ( 'NONE', *, *, #1085, .T. ) ;
#26 = AXIS2_PLACEMENT_3D ( 'NONE', #1975, #2564, #154 ) ;
#27 = FILL_AREA_STYLE_COLOUR ( '', #2169 ) ;
#28 = CARTESIAN_POINT ( 'NONE',  ( 0.08899999999999999578, 0.000000000000000000, -0.1510000000000001064 ) ) ;
#29 = FACE_OUTER_BOUND ( 'NONE', #2263, .T. ) ;
#30 = VERTEX_POINT ( 'NONE', #1628 ) ;
#31 = SURFACE_STYLE_FILL_AREA ( #1922 ) ;
#32 = DIRECTION ( 'NONE',  ( 0.000000000000000000, 1.000000000000000000, 0.000000000000000000 ) ) ;
#33 = ORIENTED_EDGE ( 'NONE', *, *, #483, .T. ) ;
#34 =( LENGTH_UNIT ( ) NAMED_UNIT ( * ) SI_UNIT ( $, .METRE. ) );
#35 = CARTESIAN_POINT ( 'NONE',  ( 0.05750000000000000250, -0.05709448818897639583, -0.1256150452459330602 ) ) ;
#36 = DIRECTION ( 'NONE',  ( -0.000000000000000000, 1.000000000000000000, -0.000000000000000000 ) ) ;
#37 = ORIENTED_EDGE ( 'NONE', *, *, #1959, .T. ) ;
#38 = AXIS2_PLACEMENT_3D ( 'NONE', #551, #1614, #1001 ) ;
#39 = CARTESIAN_POINT ( 'NONE',  ( 0.05000000000000000278, -0.05709448818897639583, -0.1060000000000000386 ) ) ;
#40 = DIRECTION ( 'NONE',  ( -0.000000000000000000, 1.000000000000000000, -0.000000000000000000 ) ) ;
#41 = CARTESIAN_POINT ( 'NONE',  ( 0.08899999999999999578, 0.05999999999999997696, 0.07000000000000000666 ) ) ;
#42 = ORIENTED_EDGE ( 'NONE', *, *, #409, .F. ) ;
#43 = EDGE_CURVE ( 'NONE', #109, #1552, #2358, .T. ) ;
#44 =( CONVERSION_BASED_UNIT ( 'INCH', #1005 ) LENGTH_UNIT ( ) NAMED_UNIT ( #1193 ) );
#45 = VERTEX_POINT ( 'NONE', #2396 ) ;
#46 =( LENGTH_UNIT ( ) NAMED_UNIT ( * ) SI_UNIT ( $, .METRE. ) );
#47 = EDGE_CURVE ( 'NONE', #1560, #1911, #790, .T. ) ;
#48 = DIRECTION ( 'NONE',  ( 1.000000000000000000, 0.000000000000000000, 0.000000000000000000 ) ) ;
#49 = PLANE ( 'NONE',  #1878 ) ;
#50 =( GEOMETRIC_REPRESENTATION_CONTEXT ( 3 ) GLOBAL_UNCERTAINTY_ASSIGNED_CONTEXT ( ( #139 ) ) GLOBAL_UNIT_ASSIGNED_CONTEXT ( ( #1093, #665, #960 ) ) REPRESENTATION_CONTEXT ( 'NONE', 'WORKASPACE' ) );
#51 = CARTESIAN_POINT ( 'NONE',  ( 0.04250000000000003081, 0.000000000000000000, 1.029161891307986957E-17 ) ) ;
#52 = ORIENTED_EDGE ( 'NONE', *, *, #478, .F. ) ;
#53 = B_SPLINE_CURVE_WITH_KNOTS ( 'NONE', 3,
 ( #1619, #1403, #1388, #185 ),
 .UNSPECIFIED., .F., .F.,
 ( 4, 4 ),
 ( 0.000000000000000000, 0.0003116023134073350937 ),
 .UNSPECIFIED. ) ;
#54 = CARTESIAN_POINT ( 'NONE',  ( -0.06961504524593303822, 0.000000000000000000, -0.09850000000000005973 ) ) ;
#55 = ADVANCED_FACE ( 'NONE', ( #2170 ), #1772, .F. ) ;
#56 = ORIENTED_EDGE ( 'NONE', *, *, #2589, .F. ) ;
#57 = VECTOR ( 'NONE', #2445, 39.37007874015748143 ) ;
#58 = CARTESIAN_POINT ( 'NONE',  ( 0.07384848003542365813, -0.04889393564956671240, -0.1073873601134823635 ) ) ;
#59 = MECHANICAL_DESIGN_GEOMETRIC_PRESENTATION_REPRESENTATION (  '', ( #1762 ), #1376 ) ;
#60 = CARTESIAN_POINT ( 'NONE',  ( -0.05749999999999999556, -0.05325839808708393575, -0.08495738475843635229 ) ) ;
#61 =( CONVERSION_BASED_UNIT ( 'INCH', #1853 ) LENGTH_UNIT ( ) NAMED_UNIT ( #1158 ) );
#62 = EDGE_CURVE ( 'NONE', #1985, #2446, #969, .T. ) ;
#63 = CARTESIAN_POINT ( 'NONE',  ( 0.07384848003542364425, -0.04499999999999999833, 0.000000000000000000 ) ) ;
#64 = VECTOR ( 'NONE', #783, 39.37007874015748143 ) ;
#65 = LINE ( 'NONE', #75, #1544 ) ;
#66 = ORIENTED_EDGE ( 'NONE', *, *, #958, .F. ) ;
#67 =( NAMED_UNIT ( * ) PLANE_ANGLE_UNIT ( ) SI_UNIT ( $, .RADIAN. ) );
#68 = ORIENTED_EDGE ( 'NONE', *, *, #288, .T. ) ;
#69 = CARTESIAN_POINT ( 'NONE',  ( 0.07384848003542364425, -0.04889339335467425551, -0.1046094079310371933 ) ) ;
#70 = ORIENTED_EDGE ( 'NONE', *, *, #358, .F. ) ;
#71 =( NAMED_UNIT ( * ) PLANE_ANGLE_UNIT ( ) SI_UNIT ( $, .RADIAN. ) );
#72 = FILL_AREA_STYLE ('',( #1889 ) ) ;
#73 = DIRECTION ( 'NONE',  ( 0.000000000000000000, 0.000000000000000000, 1.000000000000000000 ) ) ;
#74 = VECTOR ( 'NONE', #591, 39.37007874015748143 ) ;
#75 = CARTESIAN_POINT ( 'NONE',  ( -0.04250000000000000999, -0.04499999999999999833, -0.1298484800354236801 ) ) ;
#76 = ADVANCED_FACE ( 'NONE', ( #1780 ), #2573, .F. ) ;
#77 = LINE ( 'NONE', #679, #1592 ) ;
#78 = ORIENTED_EDGE ( 'NONE', *, *, #1436, .F. ) ;
#79 = CARTESIAN_POINT ( 'NONE',  ( -0.05749999999999999556, -0.05709448818897639583, -0.1256150452459330880 ) ) ;
#80 = B_SPLINE_CURVE_WITH_KNOTS ( 'NONE', 3,
 ( #1171, #600, #1022, #574 ),
 .UNSPECIFIED., .F., .F.,
 ( 4, 4 ),
 ( 0.000000000000000000, 1.090392476410133426E-07 ),
 .UNSPECIFIED. ) ;
#81 = ORIENTED_EDGE ( 'NONE', *, *, #131, .T. ) ;
#82 = SURFACE_SIDE_STYLE ('',( #1252 ) ) ;
#83 = CARTESIAN_POINT ( 'NONE',  ( 0.08899999999999999578, 0.05999999999999997696, 0.07000000000000000666 ) ) ;
#84 = PRESENTATION_STYLE_ASSIGNMENT (( #658 ) ) ;
#85 =( NAMED_UNIT ( * ) SI_UNIT ( $, .STERADIAN. ) SOLID_ANGLE_UNIT ( ) );
#86 = LINE ( 'NONE', #1866, #2381 ) ;
#87 = EDGE_CURVE ( 'NONE', #2342, #948, #610, .T. ) ;
#88 = CARTESIAN_POINT ( 'NONE',  ( 0.05750000000000000250, -0.04557619047619072133, -0.1298484800354236801 ) ) ;
#89 = CARTESIAN_POINT ( 'NONE',  ( -0.05749999999999997474, -0.04499999999999999833, 1.029161891307986957E-17 ) ) ;
#90 = ORIENTED_EDGE ( 'NONE', *, *, #756, .F. ) ;
#91 = AXIS2_PLACEMENT_3D ( 'NONE', #1529, #332, #2177 ) ;
#92 = ADVANCED_FACE ( 'NONE', ( #675 ), #2492, .F. ) ;
#93 = AXIS2_PLACEMENT_3D ( 'NONE', #1016, #1218, #2461 ) ;
#94 = LINE ( 'NONE', #2075, #831 ) ;
#95 = EDGE_LOOP ( 'NONE', ( #1652, #461, #2458, #2027, #283, #2089 ) ) ;
#96 = LINE ( 'NONE', #2538, #1755 ) ;
#97 = CARTESIAN_POINT ( 'NONE',  ( 0.08899999999999999578, 0.05999999999999997696, -0.07000000000000000666 ) ) ;
#98 = MECHANICAL_DESIGN_GEOMETRIC_PRESENTATION_REPRESENTATION (  '', ( #2424 ), #1919 ) ;
#99 = ORIENTED_EDGE ( 'NONE', *, *, #1485, .T. ) ;
#100 = DIRECTION ( 'NONE',  ( 0.000000000000000000, -1.000000000000000000, 0.000000000000000000 ) ) ;
#101 = CONICAL_SURFACE ( 'NONE', #525, 0.02520000000000008344, 0.3340956062408719784 ) ;
#102 = AXIS2_PLACEMENT_3D ( 'NONE', #2529, #2540, #2566 ) ;
#103 = AXIS2_PLACEMENT_3D ( 'NONE', #2260, #2049, #1442 ) ;
#104 = DIRECTION ( 'NONE',  ( 0.000000000000000000, 0.000000000000000000, 1.000000000000000000 ) ) ;
#105 = ORIENTED_EDGE ( 'NONE', *, *, #2074, .F. ) ;
#106 = VECTOR ( 'NONE', #1048, 39.37007874015748143 ) ;
#107 = EDGE_CURVE ( 'NONE', #1031, #2273, #1301, .T. ) ;
#108 = LENGTH_MEASURE_WITH_UNIT ( LENGTH_MEASURE( 0.02539999999999999897 ), #1760 );
#109 = VERTEX_POINT ( 'NONE', #432 ) ;
#110 = DIRECTION ( 'NONE',  ( -1.789846767492151647E-16, 0.000000000000000000, -1.000000000000000000 ) ) ;
#111 = VERTEX_POINT ( 'NONE', #1108 ) ;
#112 = DIRECTION ( 'NONE',  ( 0.000000000000000000, 1.000000000000000000, 0.000000000000000000 ) ) ;
#113 = VERTEX_POINT ( 'NONE', #836 ) ;
#114 = DIRECTION ( 'NONE',  ( 0.000000000000000000, 0.000000000000000000, 1.000000000000000000 ) ) ;
#115 = CARTESIAN_POINT ( 'NONE',  ( -0.04250000000000000999, -0.04557619047619072133, -0.1298484800354236801 ) ) ;
#116 = B_SPLINE_CURVE_WITH_KNOTS ( 'NONE', 3,
 ( #1423, #1640, #1788, #23 ),
 .UNSPECIFIED., .F., .F.,
 ( 4, 4 ),
 ( 0.000000000000000000, 0.0003116023134073350937 ),
 .UNSPECIFIED. ) ;
#117 = CARTESIAN_POINT ( 'NONE',  ( 0.000000000000000000, 0.1499999999999999667, 0.1989999999999999825 ) ) ;
#118 = B_SPLINE_CURVE_WITH_KNOTS ( 'NONE', 3,
 ( #2026, #1413, #1820, #1 ),
 .UNSPECIFIED., .F., .F.,
 ( 4, 4 ),
 ( 0.000000000000000000, 1.090392476414782843E-07 ),
 .UNSPECIFIED. ) ;
#119 = ORIENTED_EDGE ( 'NONE', *, *, #1927, .T. ) ;
#120 = PRESENTATION_LAYER_ASSIGNMENT (  '', '', ( #1260 ) ) ;
#121 = FACE_OUTER_BOUND ( 'NONE', #2013, .T. ) ;
#122 =( NAMED_UNIT ( * ) SI_UNIT ( $, .STERADIAN. ) SOLID_ANGLE_UNIT ( ) );
#123 = ORIENTED_EDGE ( 'NONE', *, *, #751, .T. ) ;
#124 = EDGE_CURVE ( 'NONE', #2091, #833, #822, .T. ) ;
#125 =( NAMED_UNIT ( * ) SI_UNIT ( $, .STERADIAN. ) SOLID_ANGLE_UNIT ( ) );
#126 = CARTESIAN_POINT ( 'NONE',  ( -0.05000000000000000278, -0.04499999999999999833, -0.1060000000000000386 ) ) ;
#127 = ORIENTED_EDGE ( 'NONE', *, *, #2429, .T. ) ;
#128 = LINE ( 'NONE', #174, #1367 ) ;
#129 =( NAMED_UNIT ( * ) PLANE_ANGLE_UNIT ( ) SI_UNIT ( $, .RADIAN. ) );
#130 =( CONVERSION_BASED_UNIT ( 'INCH', #1172 ) LENGTH_UNIT ( ) NAMED_UNIT ( #152 ) );
#131 = EDGE_CURVE ( 'NONE', #1513, #6, #1815, .T. ) ;
#132 = CARTESIAN_POINT ( 'NONE',  ( -0.02754978367178525026, -0.04941897348264879392, -0.1135000000000000314 ) ) ;
#133 = ORIENTED_EDGE ( 'NONE', *, *, #507, .T. ) ;
#134 = PLANE ( 'NONE',  #1966 ) ;
#135 = ORIENTED_EDGE ( 'NONE', *, *, #10, .F. ) ;
#136 =( LENGTH_UNIT ( ) NAMED_UNIT ( * ) SI_UNIT ( $, .METRE. ) );
#137 = EDGE_CURVE ( 'NONE', #997, #602, #1230, .T. ) ;
#138 = DIRECTION ( 'NONE',  ( -0.000000000000000000, -1.000000000000000000, 0.000000000000000000 ) ) ;
#139 = UNCERTAINTY_MEASURE_WITH_UNIT (LENGTH_MEASURE( 1.000000000000000082E-05 ), #1093, 'distance_accuracy_value', 'NONE');
#140 = ORIENTED_EDGE ( 'NONE', *, *, #1520, .F. ) ;
#141 = MECHANICAL_DESIGN_GEOMETRIC_PRESENTATION_REPRESENTATION (  '', ( #470 ), #387 ) ;
#142 = ADVANCED_FACE ( 'NONE', ( #1727 ), #2290, .F. ) ;
#143 = DIRECTION ( 'NONE',  ( 0.000000000000000000, 0.000000000000000000, 1.000000000000000000 ) ) ;
#144 = PRESENTATION_LAYER_ASSIGNMENT (  '', '', ( #1279 ) ) ;
#145 = CARTESIAN_POINT ( 'NONE',  ( -0.08899999999999999578, 0.05999999999999997696, 0.07000000000000000666 ) ) ;
#146 = ADVANCED_FACE ( 'NONE', ( #1375 ), #985, .T. ) ;
#147 = CARTESIAN_POINT ( 'NONE',  ( 0.05750000000000000250, -0.05709448818897639583, -0.08638495475406701707 ) ) ;
#148 = AXIS2_PLACEMENT_3D ( 'NONE', #2361, #2333, #294 ) ;
#149 = FACE_OUTER_BOUND ( 'NONE', #1647, .T. ) ;
#150 =( NAMED_UNIT ( * ) PLANE_ANGLE_UNIT ( ) SI_UNIT ( $, .RADIAN. ) );
#151 = AXIS2_PLACEMENT_3D ( 'NONE', #806, #850, #820 ) ;
#152 = DIMENSIONAL_EXPONENTS ( 1.000000000000000000, 0.000000000000000000, 0.000000000000000000, 0.000000000000000000, 0.000000000000000000, 0.000000000000000000, 0.000000000000000000 ) ;
#153 = CARTESIAN_POINT ( 'NONE',  ( -0.07384848003542364425, -0.04889352842240753116, -0.1088119320695964398 ) ) ;
#154 = DIRECTION ( 'NONE',  ( 0.000000000000000000, 0.000000000000000000, -1.000000000000000000 ) ) ;
#155 =( GEOMETRIC_REPRESENTATION_CONTEXT ( 3 ) GLOBAL_UNCERTAINTY_ASSIGNED_CONTEXT ( ( #798 ) ) GLOBAL_UNIT_ASSIGNED_CONTEXT ( ( #1570, #970, #2397 ) ) REPRESENTATION_CONTEXT ( 'NONE', 'WORKASPACE' ) );
#156 = ORIENTED_EDGE ( 'NONE', *, *, #2447, .F. ) ;
#157 = SURFACE_STYLE_FILL_AREA ( #1129 ) ;
#158 =( GEOMETRIC_REPRESENTATION_CONTEXT ( 3 ) GLOBAL_UNCERTAINTY_ASSIGNED_CONTEXT ( ( #1494 ) ) GLOBAL_UNIT_ASSIGNED_CONTEXT ( ( #1924, #67, #166 ) ) REPRESENTATION_CONTEXT ( 'NONE', 'WORKASPACE' ) );
#159 = CARTESIAN_POINT ( 'NONE',  ( 0.000000000000000000, -0.04499999999999999833, -0.08215151996457641104 ) ) ;
#160 = ORIENTED_EDGE ( 'NONE', *, *, #183, .T. ) ;
#161 = CARTESIAN_POINT ( 'NONE',  ( -0.04250000000000000999, -0.04557619047619072133, -0.08215151996457641104 ) ) ;
#162 = CARTESIAN_POINT ( 'NONE',  ( 0.02615151996457637865, -0.04889352842240753116, -0.1088119320695964398 ) ) ;
#163 = CARTESIAN_POINT ( 'NONE',  ( -0.02615151996457636130, 0.000000000000000000, -0.09850000000000005973 ) ) ;
#164 = CARTESIAN_POINT ( 'NONE',  ( 0.1000000000000000056, -0.04499999999999999833, -0.1135000000000000314 ) ) ;
#165 = DIRECTION ( 'NONE',  ( 1.000000000000000000, 0.000000000000000000, -1.789846767492151647E-16 ) ) ;
#166 =( NAMED_UNIT ( * ) SI_UNIT ( $, .STERADIAN. ) SOLID_ANGLE_UNIT ( ) );
#167 = ORIENTED_EDGE ( 'NONE', *, *, #713, .T. ) ;
#168 = CARTESIAN_POINT ( 'NONE',  ( -0.02615151996457636130, -0.04557619047619070746, -0.1135000000000000314 ) ) ;
#169 = DIRECTION ( 'NONE',  ( 1.000000000000000000, -0.000000000000000000, 0.000000000000000000 ) ) ;
#170 = PLANE ( 'NONE',  #1204 ) ;
#171 = EDGE_CURVE ( 'NONE', #609, #1522, #128, .T. ) ;
#172 = DIMENSIONAL_EXPONENTS ( 1.000000000000000000, 0.000000000000000000, 0.000000000000000000, 0.000000000000000000, 0.000000000000000000, 0.000000000000000000, 0.000000000000000000 ) ;
#173 = ORIENTED_EDGE ( 'NONE', *, *, #1440, .T. ) ;
#174 = CARTESIAN_POINT ( 'NONE',  ( -0.02615151996457636130, -0.04499999999999999833, -0.1135000000000000314 ) ) ;
#175 = B_SPLINE_CURVE_WITH_KNOTS ( 'NONE', 3,
 ( #2428, #830, #615, #573 ),
 .UNSPECIFIED., .F., .F.,
 ( 4, 4 ),
 ( 0.000000000000000000, 1.090392476410133426E-07 ),
 .UNSPECIFIED. ) ;
#176 = CARTESIAN_POINT ( 'NONE',  ( -0.02615151996457636130, -0.04889339335467425551, -0.1046094079310371933 ) ) ;
#177 = CARTESIAN_POINT ( 'NONE',  ( -0.04250000000000000999, -0.04557619047619072133, -0.08215151996457641104 ) ) ;
#178 = CARTESIAN_POINT ( 'NONE',  ( 0.03038181755505604126, -0.05709155785906511182, -0.1135000000000000314 ) ) ;
#179 = EDGE_CURVE ( 'NONE', #2578, #1220, #1831, .T. ) ;
#180 = SURFACE_STYLE_FILL_AREA ( #1382 ) ;
#181 = FACE_OUTER_BOUND ( 'NONE', #1475, .T. ) ;
#182 = ORIENTED_EDGE ( 'NONE', *, *, #1037, .F. ) ;
#183 = EDGE_CURVE ( 'NONE', #1214, #2229, #1377, .T. ) ;
#184 = CARTESIAN_POINT ( 'NONE',  ( 0.08899999999999999578, 0.000000000000000000, -0.1510000000000001064 ) ) ;
#185 = CARTESIAN_POINT ( 'NONE',  ( -0.05749999999999999556, -0.05709155785906509101, -0.1256181824449440210 ) ) ;
#186 = LINE ( 'NONE', #990, #64 ) ;
#187 = ORIENTED_EDGE ( 'NONE', *, *, #179, .F. ) ;
#188 = DIRECTION ( 'NONE',  ( 0.000000000000000000, -1.138269997360110167E-15, 1.000000000000000000 ) ) ;
#189 = CIRCLE ( 'NONE', #1277, 0.02099999999999999437 ) ;
#190 = AXIS2_PLACEMENT_3D ( 'NONE', #1113, #104, #279 ) ;
#191 = LINE ( 'NONE', #1642, #1195 ) ;
#192 = CARTESIAN_POINT ( 'NONE',  ( -0.05000000000000000278, 0.000000000000000000, -0.1060000000000000386 ) ) ;
#193 = PRESENTATION_LAYER_ASSIGNMENT (  '', '', ( #233 ) ) ;
#194 = CARTESIAN_POINT ( 'NONE',  ( -0.05750000000000000250, 0.000000000000000000, -0.1256150452459330602 ) ) ;
#195 = ORIENTED_EDGE ( 'NONE', *, *, #863, .F. ) ;
#196 = LINE ( 'NONE', #286, #1035 ) ;
#197 = AXIS2_PLACEMENT_3D ( 'NONE', #2207, #2552, #1354 ) ;
#198 = DIRECTION ( 'NONE',  ( -0.000000000000000000, 1.000000000000000000, 0.000000000000000000 ) ) ;
#199 = ORIENTED_EDGE ( 'NONE', *, *, #2242, .F. ) ;
#200 = CARTESIAN_POINT ( 'NONE',  ( 0.06899999999999999190, 0.2099999999999999367, 0.04992642805504871051 ) ) ;
#201 = CARTESIAN_POINT ( 'NONE',  ( 0.05750000000000000250, 0.000000000000000000, 0.000000000000000000 ) ) ;
#202 = ORIENTED_EDGE ( 'NONE', *, *, #913, .F. ) ;
#203 = DIRECTION ( 'NONE',  ( 0.000000000000000000, 0.000000000000000000, -1.000000000000000000 ) ) ;
#204 = SURFACE_STYLE_USAGE ( .BOTH. , #393 ) ;
#205 = DIMENSIONAL_EXPONENTS ( 1.000000000000000000, 0.000000000000000000, 0.000000000000000000, 0.000000000000000000, 0.000000000000000000, 0.000000000000000000, 0.000000000000000000 ) ;
#206 = DIRECTION ( 'NONE',  ( -1.000000000000000000, -0.000000000000000000, -0.000000000000000000 ) ) ;
#207 = ORIENTED_EDGE ( 'NONE', *, *, #951, .T. ) ;
#208 = SURFACE_STYLE_FILL_AREA ( #612 ) ;
#209 = CARTESIAN_POINT ( 'NONE',  ( -0.06900000000000000577, 0.2099999999999999367, 0.09899999999999994915 ) ) ;
#210 = ADVANCED_FACE ( 'NONE', ( #1132 ), #642, .T. ) ;
#211 = ORIENTED_EDGE ( 'NONE', *, *, #805, .T. ) ;
#212 = CARTESIAN_POINT ( 'NONE',  ( -0.05749999999999997474, 0.000000000000000000, 1.029161891307986957E-17 ) ) ;
#213 = CYLINDRICAL_SURFACE ( 'NONE', #2505, 0.02099999999999999437 ) ;
#214 = VERTEX_POINT ( 'NONE', #965 ) ;
#215 = DIRECTION ( 'NONE',  ( 0.000000000000000000, 1.000000000000000000, 1.138269997360110167E-15 ) ) ;
#216 = PLANE ( 'NONE',  #311 ) ;
#217 = LENGTH_MEASURE_WITH_UNIT ( LENGTH_MEASURE( 0.02539999999999999897 ), #1293 );
#218 = CARTESIAN_POINT ( 'NONE',  ( -0.06961818244494398511, -0.05709155785906509101, -0.09850000000000005973 ) ) ;
#219 = B_SPLINE_CURVE_WITH_KNOTS ( 'NONE', 3,
 ( #2196, #379, #15, #1059 ),
 .UNSPECIFIED., .F., .F.,
 ( 4, 4 ),
 ( 0.000000000000000000, 1.090392476411718040E-07 ),
 .UNSPECIFIED. ) ;
#220 = EDGE_LOOP ( 'NONE', ( #666, #222, #1524, #230, #2541, #902, #710, #931, #554, #1733, #2129, #1310 ) ) ;
#221 = CARTESIAN_POINT ( 'NONE',  ( 0.05000000000000000278, -0.06300000000000000044, -0.09090551181102367317 ) ) ;
#222 = ORIENTED_EDGE ( 'NONE', *, *, #431, .F. ) ;
#223 = CARTESIAN_POINT ( 'NONE',  ( 0.05750000000000000250, -0.05709155785906511182, -0.1256181824449440210 ) ) ;
#224 = VECTOR ( 'NONE', #2593, 39.37007874015748143 ) ;
#225 = ORIENTED_EDGE ( 'NONE', *, *, #2242, .T. ) ;
#226 = AXIS2_PLACEMENT_3D ( 'NONE', #755, #1753, #143 ) ;
#227 = DIRECTION ( 'NONE',  ( 0.000000000000000000, 0.000000000000000000, 1.000000000000000000 ) ) ;
#228 =( NAMED_UNIT ( * ) PLANE_ANGLE_UNIT ( ) SI_UNIT ( $, .RADIAN. ) );
#229 = CARTESIAN_POINT ( 'NONE',  ( 0.04250000000000001693, 0.000000000000000000, -0.08638495475406701707 ) ) ;
#230 = ORIENTED_EDGE ( 'NONE', *, *, #2441, .T. ) ;
#231 = CARTESIAN_POINT ( 'NONE',  ( 0.06961504524593303822, -0.05709448818897639583, -0.1135000000000000314 ) ) ;
#232 = CARTESIAN_POINT ( 'NONE',  ( 0.03038181755505602391, -0.05709155785906509101, -0.09850000000000005973 ) ) ;
#233 = STYLED_ITEM ( 'NONE', ( #2015 ), #1946 ) ;
#234 = EDGE_LOOP ( 'NONE', ( #2315, #1869, #2138, #2479, #1874, #1060, #446, #1657, #173, #1989 ) ) ;
#235 = CARTESIAN_POINT ( 'NONE',  ( 0.05750000000000000250, -0.05325839808708392881, -0.1270426152415637389 ) ) ;
#236 = MECHANICAL_DESIGN_GEOMETRIC_PRESENTATION_REPRESENTATION (  '', ( #868 ), #2343 ) ;
#237 =( NAMED_UNIT ( * ) PLANE_ANGLE_UNIT ( ) SI_UNIT ( $, .RADIAN. ) );
#238 = DIRECTION ( 'NONE',  ( -0.000000000000000000, 1.000000000000000000, -0.000000000000000000 ) ) ;
#239 = ORIENTED_EDGE ( 'NONE', *, *, #1355, .F. ) ;
#240 = CARTESIAN_POINT ( 'NONE',  ( -0.05000000000000000278, -0.04889366465985112847, -0.08215151996457641104 ) ) ;
#241 = DIRECTION ( 'NONE',  ( 0.000000000000000000, 0.000000000000000000, -1.000000000000000000 ) ) ;
#242 = CARTESIAN_POINT ( 'NONE',  ( -0.05900000000000000383, 0.1499999999999999667, 0.1989999999999999825 ) ) ;
#243 = ORIENTED_EDGE ( 'NONE', *, *, #2014, .T. ) ;
#244 = PRESENTATION_STYLE_ASSIGNMENT (( #1418 ) ) ;
#245 = ORIENTED_EDGE ( 'NONE', *, *, #1734, .F. ) ;
#246 = DIRECTION ( 'NONE',  ( 0.000000000000000000, -1.000000000000000000, 0.000000000000000000 ) ) ;
#247 = PLANE ( 'NONE',  #2217 ) ;
#248 = CARTESIAN_POINT ( 'NONE',  ( -0.04250000000000000999, -0.04499999999999999833, -0.08638495475406701707 ) ) ;
#249 = EDGE_CURVE ( 'NONE', #2329, #1522, #2321, .T. ) ;
#250 = DIRECTION ( 'NONE',  ( 0.000000000000000000, 1.000000000000000000, 0.000000000000000000 ) ) ;
#251 = ORIENTED_EDGE ( 'NONE', *, *, #1959, .F. ) ;
#252 = LINE ( 'NONE', #2264, #1161 ) ;
#253 =( BOUNDED_CURVE ( )  B_SPLINE_CURVE ( 3, ( #1950, #1910, #2554, #1928 ),
 .UNSPECIFIED., .F., .F. ) 
 B_SPLINE_CURVE_WITH_KNOTS ( ( 4, 4 ),
 ( 0.000000000000000000, 1.570796326794896780 ),
 .UNSPECIFIED. ) 
 CURVE ( )  GEOMETRIC_REPRESENTATION_ITEM ( )  RATIONAL_B_SPLINE_CURVE ( ( 1.000000000000000000, 0.8047378541243649375, 0.8047378541243649375, 1.000000000000000000 ) ) 
 REPRESENTATION_ITEM ( '' )  );
#254 = VERTEX_POINT ( 'NONE', #2162 ) ;
#255 = CARTESIAN_POINT ( 'NONE',  ( 0.07384848003542364425, -0.04649295498009109462, -0.1124392807392888549 ) ) ;
#256 = ORIENTED_EDGE ( 'NONE', *, *, #259, .T. ) ;
#257 = DIRECTION ( 'NONE',  ( 0.000000000000000000, 0.000000000000000000, 1.000000000000000000 ) ) ;
#258 =( CONVERSION_BASED_UNIT ( 'INCH', #2069 ) LENGTH_UNIT ( ) NAMED_UNIT ( #942 ) );
#259 = EDGE_CURVE ( 'NONE', #30, #1748, #2351, .T. ) ;
#260 = DIRECTION ( 'NONE',  ( 0.000000000000000000, 1.000000000000000000, 0.000000000000000000 ) ) ;
#261 = COLOUR_RGB ( '',1.000000000000000000, 1.000000000000000000, 1.000000000000000000 ) ;
#262 = CARTESIAN_POINT ( 'NONE',  ( -0.05000000000000000278, -0.04889366465985112847, -0.08215151996457641104 ) ) ;
#263 = VECTOR ( 'NONE', #1313, 39.37007874015748143 ) ;
#264 = ORIENTED_EDGE ( 'NONE', *, *, #415, .T. ) ;
#265 = AXIS2_PLACEMENT_3D ( 'NONE', #1241, #2047, #1011 ) ;
#266 = DIRECTION ( 'NONE',  ( -1.000000000000000000, 0.000000000000000000, 0.000000000000000000 ) ) ;
#267 = ORIENTED_EDGE ( 'NONE', *, *, #1409, .T. ) ;
#268 = VECTOR ( 'NONE', #2472, 39.37007874015748143 ) ;
#269 = DIRECTION ( 'NONE',  ( -1.000000000000000000, -0.000000000000000000, -0.000000000000000000 ) ) ;
#270 = ORIENTED_EDGE ( 'NONE', *, *, #87, .F. ) ;
#271 = B_SPLINE_CURVE_WITH_KNOTS ( 'NONE', 3,
 ( #2102, #2283, #1117, #291 ),
 .UNSPECIFIED., .F., .F.,
 ( 4, 4 ),
 ( 0.000000000000000000, 1.090392476410133426E-07 ),
 .UNSPECIFIED. ) ;
#272 = CIRCLE ( 'NONE', #102, 0.02100293032991128184 ) ;
#273 = FILL_AREA_STYLE_COLOUR ( '', #2171 ) ;
#274 = SURFACE_SIDE_STYLE ('',( #622 ) ) ;
#275 = PRESENTATION_LAYER_ASSIGNMENT (  '', '', ( #2551 ) ) ;
#276 = CARTESIAN_POINT ( 'NONE',  ( 0.000000000000000000, -0.04499999999999999833, -0.09850000000000005973 ) ) ;
#277 = CONICAL_SURFACE ( 'NONE', #1596, 0.02520000000000008344, 0.3340956062408719784 ) ;
#278 = AXIS2_PLACEMENT_3D ( 'NONE', #1186, #984, #2407 ) ;
#279 = DIRECTION ( 'NONE',  ( 1.000000000000000000, 0.000000000000000000, -0.000000000000000000 ) ) ;
#280 = EDGE_LOOP ( 'NONE', ( #1964, #1176, #1533, #99 ) ) ;
#281 = DIRECTION ( 'NONE',  ( 1.000000000000000000, -0.000000000000000000, 0.000000000000000000 ) ) ;
#282 = ORIENTED_EDGE ( 'NONE', *, *, #2017, .T. ) ;
#283 = ORIENTED_EDGE ( 'NONE', *, *, #472, .T. ) ;
#284 = ADVANCED_FACE ( 'NONE', ( #937 ), #2164, .T. ) ;
#285 =( CONVERSION_BASED_UNIT ( 'INCH', #1661 ) LENGTH_UNIT ( ) NAMED_UNIT ( #978 ) );
#286 = CARTESIAN_POINT ( 'NONE',  ( 0.000000000000000000, 0.000000000000000000, -0.1135000000000000314 ) ) ;
#287 =( LENGTH_UNIT ( ) NAMED_UNIT ( * ) SI_UNIT ( $, .METRE. ) );
#288 = EDGE_CURVE ( 'NONE', #1220, #2066, #1410, .T. ) ;
#289 = CARTESIAN_POINT ( 'NONE',  ( 0.05750000000000000250, -0.04499999999999999833, -0.08638495475406701707 ) ) ;
#290 = SURFACE_STYLE_FILL_AREA ( #487 ) ;
#291 = CARTESIAN_POINT ( 'NONE',  ( 0.03038181755505604126, -0.05709155785906511182, -0.1135000000000000314 ) ) ;
#292 = VERTEX_POINT ( 'NONE', #1953 ) ;
#293 = CARTESIAN_POINT ( 'NONE',  ( 0.07384848003542364425, -0.04852246816922961559, -0.1032217055826060575 ) ) ;
#294 = DIRECTION ( 'NONE',  ( 0.000000000000000000, 0.000000000000000000, -1.000000000000000000 ) ) ;
#295 = EDGE_LOOP ( 'NONE', ( #318, #2537, #1123, #964, #245, #1709, #1269, #1314, #2227, #408 ) ) ;
#296 = CARTESIAN_POINT ( 'NONE',  ( -0.03038181755505602738, -0.05709155785906510489, -0.1135000000000000314 ) ) ;
#297 = FACE_OUTER_BOUND ( 'NONE', #2287, .T. ) ;
#298 = VECTOR ( 'NONE', #2246, 39.37007874015748143 ) ;
#299 = PRESENTATION_STYLE_ASSIGNMENT (( #1311 ) ) ;
#300 = VERTEX_POINT ( 'NONE', #2139 ) ;
#301 = VERTEX_POINT ( 'NONE', #2579 ) ;
#302 = CIRCLE ( 'NONE', #520, 0.02099999999999999437 ) ;
#303 = ADVANCED_FACE ( 'NONE', ( #372 ), #2230, .T. ) ;
#304 = DIRECTION ( 'NONE',  ( 1.000000000000000000, 0.000000000000000000, 0.000000000000000000 ) ) ;
#305 = CIRCLE ( 'NONE', #650, 0.05900000000000000383 ) ;
#306 = VERTEX_POINT ( 'NONE', #1638 ) ;
#307 = FILL_AREA_STYLE_COLOUR ( '', #1148 ) ;
#308 = AXIS2_PLACEMENT_3D ( 'NONE', #641, #1253, #48 ) ;
#309 = LINE ( 'NONE', #347, #1153 ) ;
#310 = CARTESIAN_POINT ( 'NONE',  ( -0.08071572875253811563, 0.2099999999999999645, 0.04992642805504870357 ) ) ;
#311 = AXIS2_PLACEMENT_3D ( 'NONE', #1229, #1627, #2233 ) ;
#312 =( GEOMETRIC_REPRESENTATION_CONTEXT ( 3 ) GLOBAL_UNCERTAINTY_ASSIGNED_CONTEXT ( ( #1908 ) ) GLOBAL_UNIT_ASSIGNED_CONTEXT ( ( #44, #2606, #412 ) ) REPRESENTATION_CONTEXT ( 'NONE', 'WORKASPACE' ) );
#313 = PLANE ( 'NONE',  #1921 ) ;
#314 = EDGE_CURVE ( 'NONE', #1391, #2055, #799, .T. ) ;
#315 = ORIENTED_EDGE ( 'NONE', *, *, #87, .T. ) ;
#316 = VERTEX_POINT ( 'NONE', #1212 ) ;
#317 = PLANE ( 'NONE',  #2255 ) ;
#318 = ORIENTED_EDGE ( 'NONE', *, *, #1393, .F. ) ;
#319 = DIRECTION ( 'NONE',  ( -0.000000000000000000, 1.000000000000000000, -0.000000000000000000 ) ) ;
#320 = B_SPLINE_CURVE_WITH_KNOTS ( 'NONE', 3,
 ( #1224, #1438, #1449, #1236 ),
 .UNSPECIFIED., .F., .F.,
 ( 4, 4 ),
 ( 0.000000000000000000, 1.090392476414782843E-07 ),
 .UNSPECIFIED. ) ;
#321 = CARTESIAN_POINT ( 'NONE',  ( -0.06961504524593303822, -0.05709448818897639583, -0.09850000000000005973 ) ) ;
#322 = AXIS2_PLACEMENT_3D ( 'NONE', #895, #2504, #690 ) ;
#323 = LINE ( 'NONE', #2325, #1462 ) ;
#324 = DIRECTION ( 'NONE',  ( 0.000000000000000000, -0.000000000000000000, -1.000000000000000000 ) ) ;
#325 = ORIENTED_EDGE ( 'NONE', *, *, #1593, .F. ) ;
#326 = CARTESIAN_POINT ( 'NONE',  ( 0.08899999999999999578, 0.05999999999999997696, 0.07000000000000000666 ) ) ;
#327 = ORIENTED_EDGE ( 'NONE', *, *, #1362, .F. ) ;
#328 = B_SPLINE_CURVE_WITH_KNOTS ( 'NONE', 3,
 ( #1588, #570, #782, #557 ),
 .UNSPECIFIED., .F., .F.,
 ( 4, 4 ),
 ( 0.000000000000000000, 1.090392476414782843E-07 ),
 .UNSPECIFIED. ) ;
#329 = ADVANCED_FACE ( 'NONE', ( #2030 ), #1363, .T. ) ;
#330 = CARTESIAN_POINT ( 'NONE',  ( 0.06961818244494397123, -0.05709155785906511182, -0.09850000000000005973 ) ) ;
#331 = ORIENTED_EDGE ( 'NONE', *, *, #1317, .T. ) ;
#332 = DIRECTION ( 'NONE',  ( -0.000000000000000000, 0.000000000000000000, 1.000000000000000000 ) ) ;
#333 = LINE ( 'NONE', #1335, #1838 ) ;
#334 = CARTESIAN_POINT ( 'NONE',  ( 0.07384848003542364425, -0.04557619047619070746, -0.1135000000000000314 ) ) ;
#335 = DIRECTION ( 'NONE',  ( 0.000000000000000000, 1.000000000000000000, 0.000000000000000000 ) ) ;
#336 = CARTESIAN_POINT ( 'NONE',  ( 0.000000000000000000, -0.04499999999999999833, -0.09850000000000005973 ) ) ;
#337 = ORIENTED_EDGE ( 'NONE', *, *, #784, .T. ) ;
#338 = CARTESIAN_POINT ( 'NONE',  ( -0.04250000000000000999, -0.05709155785906510489, -0.08638181755505607018 ) ) ;
#339 = VECTOR ( 'NONE', #345, 39.37007874015748143 ) ;
#340 = CARTESIAN_POINT ( 'NONE',  ( 0.07104261524156367524, -0.05325839808708393575, -0.09850000000000005973 ) ) ;
#341 = UNCERTAINTY_MEASURE_WITH_UNIT (LENGTH_MEASURE( 1.000000000000000082E-05 ), #626, 'distance_accuracy_value', 'NONE');
#342 = DIMENSIONAL_EXPONENTS ( 1.000000000000000000, 0.000000000000000000, 0.000000000000000000, 0.000000000000000000, 0.000000000000000000, 0.000000000000000000, 0.000000000000000000 ) ;
#343 = ORIENTED_EDGE ( 'NONE', *, *, #1586, .F. ) ;
#344 = VECTOR ( 'NONE', #1432, 39.37007874015748143 ) ;
#345 = DIRECTION ( 'NONE',  ( 0.000000000000000000, 1.000000000000000000, 0.000000000000000000 ) ) ;
#346 = VECTOR ( 'NONE', #1296, 39.37007874015748143 ) ;
#347 = CARTESIAN_POINT ( 'NONE',  ( -0.03038495475406697080, -0.04499999999999999833, -0.09850000000000005973 ) ) ;
#348 = AXIS2_PLACEMENT_3D ( 'NONE', #416, #1839, #8 ) ;
#349 = CARTESIAN_POINT ( 'NONE',  ( -0.04250000000000000999, -0.05709155785906510489, -0.08638181755505607018 ) ) ;
#350 = DIRECTION ( 'NONE',  ( 0.000000000000000000, 0.000000000000000000, 1.000000000000000000 ) ) ;
#351 =( NAMED_UNIT ( * ) PLANE_ANGLE_UNIT ( ) SI_UNIT ( $, .RADIAN. ) );
#352 =( NAMED_UNIT ( * ) PLANE_ANGLE_UNIT ( ) SI_UNIT ( $, .RADIAN. ) );
#353 = COLOUR_RGB ( '',1.000000000000000000, 1.000000000000000000, 1.000000000000000000 ) ;
#354 = ORIENTED_EDGE ( 'NONE', *, *, #1268, .F. ) ;
#355 = CARTESIAN_POINT ( 'NONE',  ( -0.08899999999999999578, 0.09099999999999999756, -0.1510000000000000786 ) ) ;
#356 = ORIENTED_EDGE ( 'NONE', *, *, #747, .T. ) ;
#357 = CARTESIAN_POINT ( 'NONE',  ( 0.000000000000000000, 0.000000000000000000, -0.1135000000000000314 ) ) ;
#358 = EDGE_CURVE ( 'NONE', #780, #1696, #994, .T. ) ;
#359 = CARTESIAN_POINT ( 'NONE',  ( -0.06900000000000000577, 0.2099999999999999367, 0.04992642805504871051 ) ) ;
#360 = DIRECTION ( 'NONE',  ( 5.284087648691419259E-15, 0.000000000000000000, 1.000000000000000000 ) ) ;
#361 = FACE_OUTER_BOUND ( 'NONE', #1548, .T. ) ;
#362 = ADVANCED_FACE ( 'NONE', ( #771 ), #1414, .T. ) ;
#363 =( CONVERSION_BASED_UNIT ( 'INCH', #2155 ) LENGTH_UNIT ( ) NAMED_UNIT ( #1955 ) );
#364 = SURFACE_SIDE_STYLE ('',( #1974 ) ) ;
#365 =( LENGTH_UNIT ( ) NAMED_UNIT ( * ) SI_UNIT ( $, .METRE. ) );
#366 = EDGE_CURVE ( 'NONE', #754, #519, #1052, .T. ) ;
#367 = ORIENTED_EDGE ( 'NONE', *, *, #314, .F. ) ;
#368 = CARTESIAN_POINT ( 'NONE',  ( 0.04469108536555863737, -0.04730375715108695034, -0.08215151996457642491 ) ) ;
#369 =( NAMED_UNIT ( * ) SI_UNIT ( $, .STERADIAN. ) SOLID_ANGLE_UNIT ( ) );
#370 = SURFACE_SIDE_STYLE ('',( #2110 ) ) ;
#371 = VERTEX_POINT ( 'NONE', #1196 ) ;
#372 = FACE_OUTER_BOUND ( 'NONE', #2607, .T. ) ;
#373 = CARTESIAN_POINT ( 'NONE',  ( 0.05900000000000000383, 0.1499999999999999667, 0.1989999999999999825 ) ) ;
#374 = FACE_OUTER_BOUND ( 'NONE', #2463, .T. ) ;
#375 = EDGE_CURVE ( 'NONE', #1781, #2536, #1650, .T. ) ;
#376 = FILL_AREA_STYLE_COLOUR ( '', #912 ) ;
#377 =( CONVERSION_BASED_UNIT ( 'INCH', #2366 ) LENGTH_UNIT ( ) NAMED_UNIT ( #1973 ) );
#378 = EDGE_CURVE ( 'NONE', #2510, #2175, #320, .T. ) ;
#379 = CARTESIAN_POINT ( 'NONE',  ( 0.06961609098390601769, -0.05709351141765946908, -0.09850000000000005973 ) ) ;
#380 = EDGE_LOOP ( 'NONE', ( #2116, #2134, #923, #1154 ) ) ;
#381 = DIRECTION ( 'NONE',  ( 0.000000000000000000, 0.000000000000000000, -1.000000000000000000 ) ) ;
#382 =( LENGTH_UNIT ( ) NAMED_UNIT ( * ) SI_UNIT ( $, .METRE. ) );
#383 = ORIENTED_EDGE ( 'NONE', *, *, #171, .T. ) ;
#384 = CARTESIAN_POINT ( 'NONE',  ( -0.05000000000000000278, -0.05709448818897639583, -0.1060000000000000386 ) ) ;
#385 = ADVANCED_FACE ( 'NONE', ( #1180 ), #2391, .F. ) ;
#386 =( LENGTH_UNIT ( ) NAMED_UNIT ( * ) SI_UNIT ( $, .METRE. ) );
#387 =( GEOMETRIC_REPRESENTATION_CONTEXT ( 3 ) GLOBAL_UNCERTAINTY_ASSIGNED_CONTEXT ( ( #5 ) ) GLOBAL_UNIT_ASSIGNED_CONTEXT ( ( #61, #71, #847 ) ) REPRESENTATION_CONTEXT ( 'NONE', 'WORKASPACE' ) );
#388 = VERTEX_POINT ( 'NONE', #200 ) ;
#389 = CIRCLE ( 'NONE', #2038, 0.02000000000000000042 ) ;
#390 = LINE ( 'NONE', #1201, #603 ) ;
#391 = FILL_AREA_STYLE_COLOUR ( '', #1078 ) ;
#392 = STYLED_ITEM ( 'NONE', ( #2203 ), #1604 ) ;
#393 = SURFACE_SIDE_STYLE ('',( #1819 ) ) ;
#394 = AXIS2_PLACEMENT_3D ( 'NONE', #1893, #2524, #1648 ) ;
#395 = EDGE_CURVE ( 'NONE', #2273, #1535, #638, .T. ) ;
#396 = DIRECTION ( 'NONE',  ( 0.000000000000000000, 0.000000000000000000, 1.000000000000000000 ) ) ;
#397 = ORIENTED_EDGE ( 'NONE', *, *, #2237, .F. ) ;
#398 = CARTESIAN_POINT ( 'NONE',  ( 0.05000000000000000278, -0.04889366465985112847, -0.08215151996457641104 ) ) ;
#399 = SURFACE_SIDE_STYLE ('',( #2369 ) ) ;
#400 = CYLINDRICAL_SURFACE ( 'NONE', #24, 0.02099999999999999437 ) ;
#401 = VERTEX_POINT ( 'NONE', #1021 ) ;
#402 = CARTESIAN_POINT ( 'NONE',  ( 0.000000000000000000, -0.04499999999999999833, -0.1135000000000000314 ) ) ;
#403 = DIRECTION ( 'NONE',  ( 0.000000000000000000, 1.000000000000000000, 0.000000000000000000 ) ) ;
#404 = EDGE_LOOP ( 'NONE', ( #1511, #2036, #1736, #584 ) ) ;
#405 = CARTESIAN_POINT ( 'NONE',  ( 0.07384848003542364425, -0.04499999999999999833, -0.1135000000000000314 ) ) ;
#406 = CYLINDRICAL_SURFACE ( 'NONE', #2220, 0.02099999999999999437 ) ;
#407 = CARTESIAN_POINT ( 'NONE',  ( 0.1000000000000000056, 0.000000000000000000, -0.1135000000000000314 ) ) ;
#408 = ORIENTED_EDGE ( 'NONE', *, *, #2165, .F. ) ;
#409 = EDGE_CURVE ( 'NONE', #113, #997, #1837, .T. ) ;
#410 = FILL_AREA_STYLE_COLOUR ( '', #774 ) ;
#411 = STYLED_ITEM ( 'NONE', ( #2306 ), #142 ) ;
#412 =( NAMED_UNIT ( * ) SI_UNIT ( $, .STERADIAN. ) SOLID_ANGLE_UNIT ( ) );
#413 = ORIENTED_EDGE ( 'NONE', *, *, #1779, .F. ) ;
#414 = CARTESIAN_POINT ( 'NONE',  ( -0.07384848003542363037, -0.04499999999999999833, -0.1135000000000000314 ) ) ;
#415 = EDGE_CURVE ( 'NONE', #853, #910, #2347, .T. ) ;
#416 = CARTESIAN_POINT ( 'NONE',  ( 0.05000000000000000278, -0.05709155785906511182, -0.1060000000000000386 ) ) ;
#417 = ORIENTED_EDGE ( 'NONE', *, *, #1734, .T. ) ;
#418 = FACE_OUTER_BOUND ( 'NONE', #2103, .T. ) ;
#419 = CARTESIAN_POINT ( 'NONE',  ( 0.05000000000000000278, -0.05709155785906511182, -0.1060000000000000386 ) ) ;
#420 = DIRECTION ( 'NONE',  ( 0.000000000000000000, 0.000000000000000000, 1.000000000000000000 ) ) ;
#421 =( NAMED_UNIT ( * ) SI_UNIT ( $, .STERADIAN. ) SOLID_ANGLE_UNIT ( ) );
#422 = EDGE_LOOP ( 'NONE', ( #56, #1607, #593, #160, #1143 ) ) ;
#423 = CARTESIAN_POINT ( 'NONE',  ( -0.02615151996457636130, -0.04499999999999999833, -0.09850000000000005973 ) ) ;
#424 = ORIENTED_EDGE ( 'NONE', *, *, #1257, .T. ) ;
#425 = DIRECTION ( 'NONE',  ( -1.789846767492151894E-16, 0.000000000000000000, -1.000000000000000000 ) ) ;
#426 = AXIS2_PLACEMENT_3D ( 'NONE', #1460, #1487, #1512 ) ;
#427 = ORIENTED_EDGE ( 'NONE', *, *, #47, .F. ) ;
#428 = VECTOR ( 'NONE', #1055, 39.37007874015748143 ) ;
#429 = PRESENTATION_STYLE_ASSIGNMENT (( #589 ) ) ;
#430 = DIRECTION ( 'NONE',  ( 1.000000000000000000, 0.000000000000000000, 0.000000000000000000 ) ) ;
#431 = EDGE_CURVE ( 'NONE', #1776, #1251, #553, .T. ) ;
#432 = CARTESIAN_POINT ( 'NONE',  ( -0.04250000000000000999, -0.05709155785906510489, -0.08638181755505607018 ) ) ;
#433 = COLOUR_RGB ( '',1.000000000000000000, 1.000000000000000000, 1.000000000000000000 ) ;
#434 = AXIS2_PLACEMENT_3D ( 'NONE', #2570, #1579, #2322 ) ;
#435 =( NAMED_UNIT ( * ) PLANE_ANGLE_UNIT ( ) SI_UNIT ( $, .RADIAN. ) );
#436 = ORIENTED_EDGE ( 'NONE', *, *, #1677, .F. ) ;
#437 =( CONVERSION_BASED_UNIT ( 'INCH', #2112 ) LENGTH_UNIT ( ) NAMED_UNIT ( #2008 ) );
#438 = FILL_AREA_STYLE ('',( #2250 ) ) ;
#439 =( BOUNDED_CURVE ( )  B_SPLINE_CURVE ( 3, ( #509, #1319, #310, #1933 ),
 .UNSPECIFIED., .F., .F. ) 
 B_SPLINE_CURVE_WITH_KNOTS ( ( 4, 4 ),
 ( 1.570796326794896558, 3.141592653589792672 ),
 .UNSPECIFIED. ) 
 CURVE ( )  GEOMETRIC_REPRESENTATION_ITEM ( )  RATIONAL_B_SPLINE_CURVE ( ( 1.000000000000000000, 0.8047378541243650485, 0.8047378541243650485, 1.000000000000000000 ) ) 
 REPRESENTATION_ITEM ( '' )  );
#440 = ORIENTED_EDGE ( 'NONE', *, *, #2404, .T. ) ;
#441 = SURFACE_STYLE_FILL_AREA ( #879 ) ;
#442 = VECTOR ( 'NONE', #203, 39.37007874015748143 ) ;
#443 = CARTESIAN_POINT ( 'NONE',  ( -0.02615151996457636130, -0.04557619047619070746, -0.1135000000000000314 ) ) ;
#444 = DIRECTION ( 'NONE',  ( 0.000000000000000000, 0.000000000000000000, 1.000000000000000000 ) ) ;
#445 = STYLED_ITEM ( 'NONE', ( #244 ), #2513 ) ;
#446 = ORIENTED_EDGE ( 'NONE', *, *, #47, .T. ) ;
#447 = EDGE_CURVE ( 'NONE', #1457, #464, #175, .T. ) ;
#448 = CARTESIAN_POINT ( 'NONE',  ( -0.08899999999999999578, 0.000000000000000000, 0.07000000000000007605 ) ) ;
#449 = SURFACE_SIDE_STYLE ('',( #2010 ) ) ;
#450 = ADVANCED_FACE ( 'NONE', ( #2443 ), #2188, .T. ) ;
#451 = CARTESIAN_POINT ( 'NONE',  ( 0.06899999999999999190, 0.2099999999999999367, 0.09899999999999994915 ) ) ;
#452 = ORIENTED_EDGE ( 'NONE', *, *, #1537, .F. ) ;
#453 = CARTESIAN_POINT ( 'NONE',  ( 0.08899999999999999578, 0.09099999999999999756, -0.1510000000000000786 ) ) ;
#454 = ORIENTED_EDGE ( 'NONE', *, *, #507, .F. ) ;
#455 = DIRECTION ( 'NONE',  ( 5.284087648691419259E-15, 0.000000000000000000, 1.000000000000000000 ) ) ;
#456 = CARTESIAN_POINT ( 'NONE',  ( -0.05000000000000000278, -0.04499999999999999833, -0.08079999999999995519 ) ) ;
#457 = DIRECTION ( 'NONE',  ( 0.000000000000000000, 1.000000000000000000, 0.000000000000000000 ) ) ;
#458 = B_SPLINE_CURVE_WITH_KNOTS ( 'NONE', 3,
 ( #2278, #1498, #479, #1290 ),
 .UNSPECIFIED., .F., .F.,
 ( 4, 4 ),
 ( 0.000000000000000000, 1.090392476413093674E-07 ),
 .UNSPECIFIED. ) ;
#459 = CARTESIAN_POINT ( 'NONE',  ( -0.05138924229070811894, -0.04889366465985118398, -0.08215151996457641104 ) ) ;
#460 = ORIENTED_EDGE ( 'NONE', *, *, #1012, .T. ) ;
#461 = ORIENTED_EDGE ( 'NONE', *, *, #735, .T. ) ;
#462 = EDGE_CURVE ( 'NONE', #111, #1726, #1110, .T. ) ;
#463 = SURFACE_STYLE_USAGE ( .BOTH. , #1262 ) ;
#464 = VERTEX_POINT ( 'NONE', #1671 ) ;
#465 = DIRECTION ( 'NONE',  ( 0.000000000000000000, 0.000000000000000000, 1.000000000000000000 ) ) ;
#466 =( LENGTH_UNIT ( ) NAMED_UNIT ( * ) SI_UNIT ( $, .METRE. ) );
#467 = SURFACE_SIDE_STYLE ('',( #2280 ) ) ;
#468 = STYLED_ITEM ( 'NONE', ( #976 ), #284 ) ;
#469 = DIRECTION ( 'NONE',  ( 0.000000000000000000, 1.000000000000000000, 0.000000000000000000 ) ) ;
#470 = STYLED_ITEM ( 'NONE', ( #2305 ), #719 ) ;
#471 = ORIENTED_EDGE ( 'NONE', *, *, #837, .F. ) ;
#472 = EDGE_CURVE ( 'NONE', #301, #1471, #2277, .T. ) ;
#473 = AXIS2_PLACEMENT_3D ( 'NONE', #1481, #1067, #2272 ) ;
#474 = CARTESIAN_POINT ( 'NONE',  ( -0.08899999999999999578, 0.05999999999999997696, 0.07000000000000000666 ) ) ;
#475 = ORIENTED_EDGE ( 'NONE', *, *, #555, .T. ) ;
#476 =( NAMED_UNIT ( * ) PLANE_ANGLE_UNIT ( ) SI_UNIT ( $, .RADIAN. ) );
#477 = AXIS2_PLACEMENT_3D ( 'NONE', #1913, #1516, #935 ) ;
#478 = EDGE_CURVE ( 'NONE', #30, #1080, #1027, .T. ) ;
#479 = CARTESIAN_POINT ( 'NONE',  ( -0.05750000000000000250, -0.05709253464102155562, -0.1256171367169089947 ) ) ;
#480 = FILL_AREA_STYLE_COLOUR ( '', #859 ) ;
#481 = DIRECTION ( 'NONE',  ( 1.000000000000000000, 0.000000000000000000, 0.000000000000000000 ) ) ;
#482 = CARTESIAN_POINT ( 'NONE',  ( 0.06899999999999999190, 0.1899999999999999467, 0.09899999999999994915 ) ) ;
#483 = EDGE_CURVE ( 'NONE', #371, #1911, #2500, .T. ) ;
#484 = PRODUCT_DEFINITION_FORMATION_WITH_SPECIFIED_SOURCE ( 'ANY', '', #925, .NOT_KNOWN. ) ;
#485 = CARTESIAN_POINT ( 'NONE',  ( 0.03038495475406697427, -0.04499999999999999833, -0.1135000000000000314 ) ) ;
#486 = DIRECTION ( 'NONE',  ( 1.000000000000000000, 0.000000000000000000, -1.789846767492151647E-16 ) ) ;
#487 = FILL_AREA_STYLE ('',( #1507 ) ) ;
#488 = PLANE ( 'NONE',  #2135 ) ;
#489 = EDGE_CURVE ( 'NONE', #2521, #754, #2478, .T. ) ;
#490 = ORIENTED_EDGE ( 'NONE', *, *, #756, .T. ) ;
#491 = DIRECTION ( 'NONE',  ( 0.000000000000000000, 1.000000000000000000, 0.000000000000000000 ) ) ;
#492 = CARTESIAN_POINT ( 'NONE',  ( -0.05750000000000000250, 0.000000000000000000, -0.08638495475406700319 ) ) ;
#493 = CYLINDRICAL_SURFACE ( 'NONE', #988, 0.02099999999999999437 ) ;
#494 = CARTESIAN_POINT ( 'NONE',  ( 0.04250000000000000999, -0.04499999999999999833, -0.1298484800354236801 ) ) ;
#495 = DIRECTION ( 'NONE',  ( 1.000000000000000000, -0.000000000000000000, 0.000000000000000000 ) ) ;
#496 = AXIS2_PLACEMENT_3D ( 'NONE', #2095, #100, #1645 ) ;
#497 = CARTESIAN_POINT ( 'NONE',  ( 0.04250000000000001693, -0.05325839808708393575, -0.08495738475843635229 ) ) ;
#498 = ORIENTED_EDGE ( 'NONE', *, *, #2085, .F. ) ;
#499 = ADVANCED_FACE ( 'NONE', ( #1081 ), #2266, .F. ) ;
#500 = SURFACE_SIDE_STYLE ('',( #2314 ) ) ;
#501 = VERTEX_POINT ( 'NONE', #1561 ) ;
#502 = CARTESIAN_POINT ( 'NONE',  ( -0.05000000000000000278, -0.05709448818897639583, -0.1270000000000000295 ) ) ;
#503 = ORIENTED_EDGE ( 'NONE', *, *, #2237, .T. ) ;
#504 = DIRECTION ( 'NONE',  ( 0.000000000000000000, 0.000000000000000000, 1.000000000000000000 ) ) ;
#505 = EDGE_LOOP ( 'NONE', ( #1341, #568, #918, #337 ) ) ;
#506 = SURFACE_STYLE_USAGE ( .BOTH. , #731 ) ;
#507 = EDGE_CURVE ( 'NONE', #20, #1439, #2166, .T. ) ;
#508 = CARTESIAN_POINT ( 'NONE',  ( -0.06961818244494398511, -0.05709155785906509101, -0.09850000000000005973 ) ) ;
#509 = CARTESIAN_POINT ( 'NONE',  ( -0.08899999999999999578, 0.1899999999999999467, 0.03314443543150291660 ) ) ;
#510 = FILL_AREA_STYLE_COLOUR ( '', #2211 ) ;
#511 = CARTESIAN_POINT ( 'NONE',  ( -0.07104261524156367524, -0.05325839808708394268, -0.1135000000000000314 ) ) ;
#512 = ORIENTED_EDGE ( 'NONE', *, *, #1091, .T. ) ;
#513 = COLOUR_RGB ( '',1.000000000000000000, 1.000000000000000000, 1.000000000000000000 ) ;
#514 = DIMENSIONAL_EXPONENTS ( 1.000000000000000000, 0.000000000000000000, 0.000000000000000000, 0.000000000000000000, 0.000000000000000000, 0.000000000000000000, 0.000000000000000000 ) ;
#515 = CIRCLE ( 'NONE', #2462, 0.02099999999999999437 ) ;
#516 =( CONVERSION_BASED_UNIT ( 'INCH', #2328 ) LENGTH_UNIT ( ) NAMED_UNIT ( #928 ) );
#517 = ORIENTED_EDGE ( 'NONE', *, *, #1063, .F. ) ;
#518 = DIRECTION ( 'NONE',  ( 1.000000000000000000, 0.000000000000000000, -1.789846767492151647E-16 ) ) ;
#519 = VERTEX_POINT ( 'NONE', #556 ) ;
#520 = AXIS2_PLACEMENT_3D ( 'NONE', #1730, #1470, #1504 ) ;
#521 = FACE_OUTER_BOUND ( 'NONE', #505, .T. ) ;
#522 = VECTOR ( 'NONE', #860, 39.37007874015748143 ) ;
#523 = ORIENTED_EDGE ( 'NONE', *, *, #1431, .T. ) ;
#524 = CARTESIAN_POINT ( 'NONE',  ( -0.05000000000000000278, -0.04889366465985112847, -0.08215151996457641104 ) ) ;
#525 = AXIS2_PLACEMENT_3D ( 'NONE', #126, #2137, #504 ) ;
#526 = CARTESIAN_POINT ( 'NONE',  ( -0.02754978367178523638, -0.04941897348264881473, -0.09850000000000005973 ) ) ;
#527 =( NAMED_UNIT ( * ) PLANE_ANGLE_UNIT ( ) SI_UNIT ( $, .RADIAN. ) );
#528 = AXIS2_PLACEMENT_3D ( 'NONE', #1818, #1613, #590 ) ;
#529 = EDGE_CURVE ( 'NONE', #2018, #1339, #1549, .T. ) ;
#530 = LINE ( 'NONE', #1934, #1877 ) ;
#531 = FACE_OUTER_BOUND ( 'NONE', #2053, .T. ) ;
#532 = ORIENTED_EDGE ( 'NONE', *, *, #1446, .F. ) ;
#533 = EDGE_CURVE ( 'NONE', #388, #905, #253, .T. ) ;
#534 = CARTESIAN_POINT ( 'NONE',  ( -0.07384848003542363037, -0.04557619047619075603, -0.09850000000000005973 ) ) ;
#535 = VERTEX_POINT ( 'NONE', #545 ) ;
#536 = FILL_AREA_STYLE_COLOUR ( '', #1715 ) ;
#537 = ADVANCED_FACE ( 'NONE', ( #1357 ), #1140, .T. ) ;
#538 = PLANE ( 'NONE',  #1508 ) ;
#539 = UNCERTAINTY_MEASURE_WITH_UNIT (LENGTH_MEASURE( 1.000000000000000082E-05 ), #810, 'distance_accuracy_value', 'NONE');
#540 = ORIENTED_EDGE ( 'NONE', *, *, #1566, .F. ) ;
#541 = DIRECTION ( 'NONE',  ( -1.000000000000000000, 0.000000000000000000, 0.000000000000000000 ) ) ;
#542 = CARTESIAN_POINT ( 'NONE',  ( 0.05900000000000000383, 0.1499999999999999667, 0.1989999999999999825 ) ) ;
#543 = DIRECTION ( 'NONE',  ( 0.000000000000000000, 0.000000000000000000, -1.000000000000000000 ) ) ;
#544 = EDGE_LOOP ( 'NONE', ( #1894, #413, #724, #243, #1017 ) ) ;
#545 = CARTESIAN_POINT ( 'NONE',  ( -0.05900000000000000383, 0.1499999999999999667, 0.1989999999999999825 ) ) ;
#546 = DIRECTION ( 'NONE',  ( 0.000000000000000000, 1.000000000000000000, 0.000000000000000000 ) ) ;
#547 = ORIENTED_EDGE ( 'NONE', *, *, #863, .T. ) ;
#548 = CARTESIAN_POINT ( 'NONE',  ( 0.000000000000000000, 0.1499999999999999667, 0.1989999999999999825 ) ) ;
#549 = SURFACE_STYLE_FILL_AREA ( #563 ) ;
#550 = DIRECTION ( 'NONE',  ( 0.000000000000000000, 0.000000000000000000, 1.000000000000000000 ) ) ;
#551 = CARTESIAN_POINT ( 'NONE',  ( 0.02615151996457637865, -0.04499999999999999833, 0.000000000000000000 ) ) ;
#552 = LINE ( 'NONE', #1175, #2132 ) ;
#553 = CIRCLE ( 'NONE', #1710, 0.01509448818897637414 ) ;
#554 = ORIENTED_EDGE ( 'NONE', *, *, #447, .F. ) ;
#555 = EDGE_CURVE ( 'NONE', #2578, #109, #2440, .T. ) ;
#556 = CARTESIAN_POINT ( 'NONE',  ( -0.05750000000000000250, 0.000000000000000000, -0.1298484800354236801 ) ) ;
#557 = CARTESIAN_POINT ( 'NONE',  ( 0.05750000000000000250, -0.05709155785906511182, -0.1256181824449440210 ) ) ;
#558 = UNCERTAINTY_MEASURE_WITH_UNIT (LENGTH_MEASURE( 1.000000000000000082E-05 ), #1098, 'distance_accuracy_value', 'NONE');
#559 = ORIENTED_EDGE ( 'NONE', *, *, #956, .T. ) ;
#560 = CARTESIAN_POINT ( 'NONE',  ( -0.04861129636793174585, -0.04889366465985117705, -0.08215151996457641104 ) ) ;
#561 = DIRECTION ( 'NONE',  ( 1.000000000000000000, 0.000000000000000000, 0.000000000000000000 ) ) ;
#562 = VECTOR ( 'NONE', #1802, 39.37007874015748143 ) ;
#563 = FILL_AREA_STYLE ('',( #510 ) ) ;
#564 = EDGE_CURVE ( 'NONE', #1840, #2067, #96, .T. ) ;
#565 = AXIS2_PLACEMENT_3D ( 'NONE', #582, #2389, #1209 ) ;
#566 = CARTESIAN_POINT ( 'NONE',  ( -0.08899999999999999578, 0.000000000000000000, -0.07000000000000007605 ) ) ;
#567 = SURFACE_STYLE_USAGE ( .BOTH. , #1571 ) ;
#568 = ORIENTED_EDGE ( 'NONE', *, *, #483, .F. ) ;
#569 = CARTESIAN_POINT ( 'NONE',  ( -0.08899999999999999578, 0.000000000000000000, 0.000000000000000000 ) ) ;
#570 = CARTESIAN_POINT ( 'NONE',  ( 0.05750000000000000250, -0.05709351141765947601, -0.1256160909839060535 ) ) ;
#571 = DIRECTION ( 'NONE',  ( 1.000000000000000000, 0.000000000000000000, 0.000000000000000000 ) ) ;
#572 = ORIENTED_EDGE ( 'NONE', *, *, #2176, .F. ) ;
#573 = CARTESIAN_POINT ( 'NONE',  ( -0.06961818244494397123, -0.05709155785906511182, -0.1135000000000000314 ) ) ;
#574 = CARTESIAN_POINT ( 'NONE',  ( 0.04250000000000001693, -0.05709155785906511182, -0.08638181755505607018 ) ) ;
#575 = SURFACE_STYLE_FILL_AREA ( #1441 ) ;
#576 =( NAMED_UNIT ( * ) SI_UNIT ( $, .STERADIAN. ) SOLID_ANGLE_UNIT ( ) );
#577 = CARTESIAN_POINT ( 'NONE',  ( 0.05750000000000000250, 0.000000000000000000, 0.000000000000000000 ) ) ;
#578 = DIRECTION ( 'NONE',  ( -1.789846767492151647E-16, 0.000000000000000000, -1.000000000000000000 ) ) ;
#579 = VERTEX_POINT ( 'NONE', #2517 ) ;
#580 = EDGE_CURVE ( 'NONE', #1251, #661, #1525, .T. ) ;
#581 = CARTESIAN_POINT ( 'NONE',  ( 0.02615151996457637865, -0.04499999999999999833, -0.09850000000000005973 ) ) ;
#582 = CARTESIAN_POINT ( 'NONE',  ( 0.05000000000000000278, -0.06300000000000000044, -0.1060000000000000386 ) ) ;
#583 = DIRECTION ( 'NONE',  ( 0.000000000000000000, 0.000000000000000000, 1.000000000000000000 ) ) ;
#584 = ORIENTED_EDGE ( 'NONE', *, *, #1317, .F. ) ;
#585 = CARTESIAN_POINT ( 'NONE',  ( -0.07384848003542363037, -0.04557619047619075603, -0.09850000000000005973 ) ) ;
#586 = SURFACE_STYLE_FILL_AREA ( #996 ) ;
#587 = VERTEX_POINT ( 'NONE', #2117 ) ;
#588 = ADVANCED_FACE ( 'NONE', ( #2527, #1735, #2184 ), #795, .T. ) ;
#589 = SURFACE_STYLE_USAGE ( .BOTH. , #1452 ) ;
#590 = DIRECTION ( 'NONE',  ( 0.000000000000000000, 0.000000000000000000, 1.000000000000000000 ) ) ;
#591 = DIRECTION ( 'NONE',  ( 0.000000000000000000, 1.000000000000000000, 1.138269997360110167E-15 ) ) ;
#592 = DIRECTION ( 'NONE',  ( 1.000000000000000000, 0.000000000000000000, 0.000000000000000000 ) ) ;
#593 = ORIENTED_EDGE ( 'NONE', *, *, #1008, .T. ) ;
#594 = CARTESIAN_POINT ( 'NONE',  ( 0.04250000000000001693, -0.04557619047619073521, -0.08215151996457641104 ) ) ;
#595 = CARTESIAN_POINT ( 'NONE',  ( 0.000000000000000000, -0.06300000000000000044, 0.000000000000000000 ) ) ;
#596 = DIRECTION ( 'NONE',  ( -0.000000000000000000, 1.000000000000000000, -0.000000000000000000 ) ) ;
#597 = VERTEX_POINT ( 'NONE', #1164 ) ;
#598 = DIRECTION ( 'NONE',  ( -0.000000000000000000, -1.000000000000000000, 0.000000000000000000 ) ) ;
#599 = PRESENTATION_LAYER_ASSIGNMENT (  '', '', ( #1233 ) ) ;
#600 = CARTESIAN_POINT ( 'NONE',  ( 0.04250000000000001693, -0.05709351141765947601, -0.08638390901609403760 ) ) ;
#601 = AXIS2_PLACEMENT_3D ( 'NONE', #569, #1986, #1190 ) ;
#602 = VERTEX_POINT ( 'NONE', #1603 ) ;
#603 = VECTOR ( 'NONE', #1804, 39.37007874015748143 ) ;
#604 = CARTESIAN_POINT ( 'NONE',  ( -0.04250000000000000999, -0.05709155785906511182, -0.1256181824449440210 ) ) ;
#605 = CIRCLE ( 'NONE', #729, 0.02099999999999999437 ) ;
#606 =( NAMED_UNIT ( * ) SI_UNIT ( $, .STERADIAN. ) SOLID_ANGLE_UNIT ( ) );
#607 = EDGE_CURVE ( 'NONE', #1923, #1696, #1977, .T. ) ;
#608 = LINE ( 'NONE', #1806, #1792 ) ;
#609 = VERTEX_POINT ( 'NONE', #168 ) ;
#610 = B_SPLINE_CURVE_WITH_KNOTS ( 'NONE', 3,
 ( #1830, #1714, #1243, #1305 ),
 .UNSPECIFIED., .F., .F.,
 ( 4, 4 ),
 ( 0.000000000000000000, 0.0003116023134073340095 ),
 .UNSPECIFIED. ) ;
#611 = AXIS2_PLACEMENT_3D ( 'NONE', #2054, #198, #2228 ) ;
#612 = FILL_AREA_STYLE ('',( #1978 ) ) ;
#613 = CARTESIAN_POINT ( 'NONE',  ( 0.05750000000000000250, 0.000000000000000000, -0.1298484800354236801 ) ) ;
#614 = EDGE_LOOP ( 'NONE', ( #282, #628, #1003, #2218 ) ) ;
#615 = CARTESIAN_POINT ( 'NONE',  ( -0.06961713671690894500, -0.05709253464102156256, -0.1135000000000000314 ) ) ;
#616 = EDGE_CURVE ( 'NONE', #2342, #113, #1387, .T. ) ;
#617 = SURFACE_STYLE_USAGE ( .BOTH. , #1990 ) ;
#618 = ORIENTED_EDGE ( 'NONE', *, *, #1586, .T. ) ;
#619 = EDGE_CURVE ( 'NONE', #1080, #111, #1425, .T. ) ;
#620 =( NAMED_UNIT ( * ) SI_UNIT ( $, .STERADIAN. ) SOLID_ANGLE_UNIT ( ) );
#621 = DIRECTION ( 'NONE',  ( 0.000000000000000000, 0.000000000000000000, 1.000000000000000000 ) ) ;
#622 = SURFACE_STYLE_FILL_AREA ( #72 ) ;
#623 = CARTESIAN_POINT ( 'NONE',  ( 0.08899999999999999578, 0.1899999999999999467, 0.03314443543150291660 ) ) ;
#624 = ORIENTED_EDGE ( 'NONE', *, *, #1069, .T. ) ;
#625 = B_SPLINE_CURVE_WITH_KNOTS ( 'NONE', 3,
 ( #695, #2072, #1701, #1892, #459, #262 ),
 .UNSPECIFIED., .F., .F.,
 ( 4, 2, 4 ),
 ( -0.0001777546810721630419, -7.190147017852903323E-05, 3.395174071510497545E-05 ),
 .UNSPECIFIED. ) ;
#626 =( CONVERSION_BASED_UNIT ( 'INCH', #1809 ) LENGTH_UNIT ( ) NAMED_UNIT ( #172 ) );
#627 = CARTESIAN_POINT ( 'NONE',  ( -0.05000000000000000278, -0.05709155785906511182, -0.1060000000000000386 ) ) ;
#628 = ORIENTED_EDGE ( 'NONE', *, *, #1860, .T. ) ;
#629 = DIRECTION ( 'NONE',  ( 0.000000000000000000, 0.000000000000000000, -1.000000000000000000 ) ) ;
#630 = DIRECTION ( 'NONE',  ( 0.000000000000000000, 0.000000000000000000, 1.000000000000000000 ) ) ;
#631 = ORIENTED_EDGE ( 'NONE', *, *, #619, .F. ) ;
#632 = CARTESIAN_POINT ( 'NONE',  ( 0.08899999999999999578, 0.09099999999999999756, -0.04992642805504871051 ) ) ;
#633 = EDGE_CURVE ( 'NONE', #905, #1471, #1808, .T. ) ;
#634 = CARTESIAN_POINT ( 'NONE',  ( -0.06899999999999999190, 0.1899999999999999467, 0.000000000000000000 ) ) ;
#635 = ORIENTED_EDGE ( 'NONE', *, *, #2589, .T. ) ;
#636 = PRESENTATION_STYLE_ASSIGNMENT (( #696 ) ) ;
#637 = UNCERTAINTY_MEASURE_WITH_UNIT (LENGTH_MEASURE( 1.000000000000000082E-05 ), #1708, 'distance_accuracy_value', 'NONE');
#638 = B_SPLINE_CURVE_WITH_KNOTS ( 'NONE', 3,
 ( #223, #235, #813, #801 ),
 .UNSPECIFIED., .F., .F.,
 ( 4, 4 ),
 ( 2.287560554743619306E-07, 0.0003118310694628096801 ),
 .UNSPECIFIED. ) ;
#639 = EDGE_CURVE ( 'NONE', #986, #1672, #851, .T. ) ;
#640 = EDGE_LOOP ( 'NONE', ( #135, #1263, #25, #2044, #1312 ) ) ;
#641 = CARTESIAN_POINT ( 'NONE',  ( 0.1000000000000000056, -0.04499999999999999833, -0.09850000000000005973 ) ) ;
#642 = CONICAL_SURFACE ( 'NONE', #226, 0.02099999999999999437, 0.7853981633974501664 ) ;
#643 = ORIENTED_EDGE ( 'NONE', *, *, #533, .T. ) ;
#644 = EDGE_CURVE ( 'NONE', #2175, #2409, #814, .T. ) ;
#645 = DIRECTION ( 'NONE',  ( 1.000000000000000000, -0.000000000000000000, 0.000000000000000000 ) ) ;
#646 = CARTESIAN_POINT ( 'NONE',  ( 0.08899999999999999578, 0.000000000000000000, -0.07000000000000007605 ) ) ;
#647 = VECTOR ( 'NONE', #2474, 39.37007874015748143 ) ;
#648 = EDGE_CURVE ( 'NONE', #2359, #809, #1177, .T. ) ;
#649 = LINE ( 'NONE', #1646, #344 ) ;
#650 = AXIS2_PLACEMENT_3D ( 'NONE', #548, #1932, #561 ) ;
#651 = ORIENTED_EDGE ( 'NONE', *, *, #725, .F. ) ;
#652 = FILL_AREA_STYLE ('',( #1523 ) ) ;
#653 = VECTOR ( 'NONE', #241, 39.37007874015748143 ) ;
#654 = ORIENTED_EDGE ( 'NONE', *, *, #62, .F. ) ;
#655 = CARTESIAN_POINT ( 'NONE',  ( 0.07384848003542364425, -0.04852429881813949408, -0.1087723658092950990 ) ) ;
#656 = VECTOR ( 'NONE', #2115, 39.37007874015748143 ) ;
#657 = DIRECTION ( 'NONE',  ( 1.000000000000000000, -0.000000000000000000, 0.000000000000000000 ) ) ;
#658 = SURFACE_STYLE_USAGE ( .BOTH. , #2094 ) ;
#659 = PRESENTATION_STYLE_ASSIGNMENT (( #1479 ) ) ;
#660 = CARTESIAN_POINT ( 'NONE',  ( 0.02615151996457637865, 0.000000000000000000, -0.1135000000000000314 ) ) ;
#661 = VERTEX_POINT ( 'NONE', #1999 ) ;
#662 = DIRECTION ( 'NONE',  ( 0.000000000000000000, 0.000000000000000000, -1.000000000000000000 ) ) ;
#663 = ADVANCED_FACE ( 'NONE', ( #765 ), #2387, .T. ) ;
#664 = ORIENTED_EDGE ( 'NONE', *, *, #2469, .T. ) ;
#665 =( NAMED_UNIT ( * ) PLANE_ANGLE_UNIT ( ) SI_UNIT ( $, .RADIAN. ) );
#666 = ORIENTED_EDGE ( 'NONE', *, *, #580, .F. ) ;
#667 = SURFACE_STYLE_FILL_AREA ( #1888 ) ;
#668 = PLANE ( 'NONE',  #434 ) ;
#669 = EDGE_CURVE ( 'NONE', #1696, #2438, #196, .T. ) ;
#670 = DIRECTION ( 'NONE',  ( 0.000000000000000000, 0.000000000000000000, -1.000000000000000000 ) ) ;
#671 = ORIENTED_EDGE ( 'NONE', *, *, #1455, .F. ) ;
#672 = ORIENTED_EDGE ( 'NONE', *, *, #2114, .T. ) ;
#673 = ORIENTED_EDGE ( 'NONE', *, *, #1887, .F. ) ;
#674 = DIRECTION ( 'NONE',  ( 0.000000000000000000, 0.000000000000000000, 1.000000000000000000 ) ) ;
#675 = FACE_OUTER_BOUND ( 'NONE', #295, .T. ) ;
#676 = DIRECTION ( 'NONE',  ( -0.000000000000000000, 0.000000000000000000, 1.000000000000000000 ) ) ;
#677 = PRESENTATION_LAYER_ASSIGNMENT (  '', '', ( #468 ) ) ;
#678 = PLANE ( 'NONE',  #1038 ) ;
#679 = CARTESIAN_POINT ( 'NONE',  ( -0.05749999999999999556, -0.04499999999999999833, -0.08638495475406701707 ) ) ;
#680 = VECTOR ( 'NONE', #1996, 39.37007874015748143 ) ;
#681 = ORIENTED_EDGE ( 'NONE', *, *, #958, .T. ) ;
#682 = EDGE_CURVE ( 'NONE', #2455, #2516, #858, .T. ) ;
#683 = CIRCLE ( 'NONE', #2081, 0.02099999999999999437 ) ;
#684 = CARTESIAN_POINT ( 'NONE',  ( -0.04462394184477175979, -0.04741188307060055507, -0.1298484800354236801 ) ) ;
#685 = ORIENTED_EDGE ( 'NONE', *, *, #1353, .T. ) ;
#686 = COLOUR_RGB ( '',1.000000000000000000, 1.000000000000000000, 1.000000000000000000 ) ;
#687 = VECTOR ( 'NONE', #2495, 39.37007874015748143 ) ;
#688 = DIRECTION ( 'NONE',  ( 0.000000000000000000, -1.000000000000000000, 1.138269997360110167E-15 ) ) ;
#689 = CARTESIAN_POINT ( 'NONE',  ( -0.06961504524593303822, -0.04499999999999999833, -0.09850000000000005973 ) ) ;
#690 = DIRECTION ( 'NONE',  ( -0.000000000000000000, 0.000000000000000000, 1.000000000000000000 ) ) ;
#691 = CIRCLE ( 'NONE', #1247, 0.02099999999999999437 ) ;
#692 = CARTESIAN_POINT ( 'NONE',  ( -0.08899999999999999578, 0.09099999999999999756, -0.04992642805504871051 ) ) ;
#693 = FACE_OUTER_BOUND ( 'NONE', #404, .T. ) ;
#694 = CIRCLE ( 'NONE', #2511, 0.01509448818897637414 ) ;
#695 = CARTESIAN_POINT ( 'NONE',  ( -0.05749999999999999556, -0.04557619047619073521, -0.08215151996457641104 ) ) ;
#696 = SURFACE_STYLE_USAGE ( .BOTH. , #2453 ) ;
#697 = CARTESIAN_POINT ( 'NONE',  ( -0.04250000000000000999, 0.000000000000000000, -0.000000000000000000 ) ) ;
#698 = PLANE ( 'NONE',  #26 ) ;
#699 = ORIENTED_EDGE ( 'NONE', *, *, #564, .F. ) ;
#700 = DIRECTION ( 'NONE',  ( 0.000000000000000000, 1.000000000000000000, 0.000000000000000000 ) ) ;
#701 = LINE ( 'NONE', #2349, #1880 ) ;
#702 = VERTEX_POINT ( 'NONE', #1489 ) ;
#703 =( CONVERSION_BASED_UNIT ( 'INCH', #1144 ) LENGTH_UNIT ( ) NAMED_UNIT ( #1615 ) );
#704 = CARTESIAN_POINT ( 'NONE',  ( -0.06961713671690895888, -0.05709253464102155562, -0.09850000000000005973 ) ) ;
#705 = DIRECTION ( 'NONE',  ( -0.000000000000000000, 0.000000000000000000, 1.000000000000000000 ) ) ;
#706 =( GEOMETRIC_REPRESENTATION_CONTEXT ( 3 ) GLOBAL_UNCERTAINTY_ASSIGNED_CONTEXT ( ( #1049 ) ) GLOBAL_UNIT_ASSIGNED_CONTEXT ( ( #1026, #228, #2450 ) ) REPRESENTATION_CONTEXT ( 'NONE', 'WORKASPACE' ) );
#707 = CARTESIAN_POINT ( 'NONE',  ( 0.05000000000000000278, -0.06300000000000000044, -0.1210944881889764180 ) ) ;
#708 = DIRECTION ( 'NONE',  ( 1.000000000000000000, -0.000000000000000000, 0.000000000000000000 ) ) ;
#709 =( LENGTH_UNIT ( ) NAMED_UNIT ( * ) SI_UNIT ( $, .METRE. ) );
#710 = ORIENTED_EDGE ( 'NONE', *, *, #1480, .T. ) ;
#711 = CARTESIAN_POINT ( 'NONE',  ( -0.05000000000000000278, 0.000000000000000000, -0.1060000000000000386 ) ) ;
#712 = ORIENTED_EDGE ( 'NONE', *, *, #131, .F. ) ;
#713 = EDGE_CURVE ( 'NONE', #2455, #300, #515, .T. ) ;
#714 = FACE_OUTER_BOUND ( 'NONE', #1812, .T. ) ;
#715 = UNCERTAINTY_MEASURE_WITH_UNIT (LENGTH_MEASURE( 1.000000000000000082E-05 ), #285, 'distance_accuracy_value', 'NONE');
#716 = DIMENSIONAL_EXPONENTS ( 1.000000000000000000, 0.000000000000000000, 0.000000000000000000, 0.000000000000000000, 0.000000000000000000, 0.000000000000000000, 0.000000000000000000 ) ;
#717 = ORIENTED_EDGE ( 'NONE', *, *, #616, .T. ) ;
#718 = CARTESIAN_POINT ( 'NONE',  ( -0.06961609098390601769, -0.05709351141765946908, -0.09850000000000005973 ) ) ;
#719 = ADVANCED_FACE ( 'NONE', ( #1097 ), #493, .T. ) ;
#720 = EDGE_LOOP ( 'NONE', ( #654, #2197, #119, #2212, #1120 ) ) ;
#721 = VECTOR ( 'NONE', #629, 39.37007874015748143 ) ;
#722 = AXIS2_PLACEMENT_3D ( 'NONE', #945, #934, #1574 ) ;
#723 = FILL_AREA_STYLE_COLOUR ( '', #1206 ) ;
#724 = ORIENTED_EDGE ( 'NONE', *, *, #447, .T. ) ;
#725 = EDGE_CURVE ( 'NONE', #1803, #2091, #189, .T. ) ;
#726 = DIRECTION ( 'NONE',  ( 0.000000000000000000, 0.000000000000000000, 1.000000000000000000 ) ) ;
#727 = VECTOR ( 'NONE', #250, 39.37007874015748143 ) ;
#728 = DIRECTION ( 'NONE',  ( 0.000000000000000000, 1.000000000000000000, 0.000000000000000000 ) ) ;
#729 = AXIS2_PLACEMENT_3D ( 'NONE', #1294, #2109, #73 ) ;
#730 = ORIENTED_EDGE ( 'NONE', *, *, #1065, .F. ) ;
#731 = SURFACE_SIDE_STYLE ('',( #1170 ) ) ;
#732 = AXIS2_PLACEMENT_3D ( 'NONE', #595, #753, #2425 ) ;
#733 = CARTESIAN_POINT ( 'NONE',  ( -0.02615151996457636130, -0.04557619047619070746, -0.09850000000000005973 ) ) ;
#734 = AXIS2_PLACEMENT_3D ( 'NONE', #1467, #1993, #1805 ) ;
#735 = EDGE_CURVE ( 'NONE', #306, #1127, #766, .T. ) ;
#736 = SURFACE_SIDE_STYLE ('',( #1173 ) ) ;
#737 = ORIENTED_EDGE ( 'NONE', *, *, #1083, .F. ) ;
#738 = CARTESIAN_POINT ( 'NONE',  ( 0.05000000000000000278, -0.06300000000000000044, -0.1060000000000000386 ) ) ;
#739 = ADVANCED_FACE ( 'NONE', ( #2289 ), #1501, .T. ) ;
#740 = ORIENTED_EDGE ( 'NONE', *, *, #2490, .T. ) ;
#741 = FACE_OUTER_BOUND ( 'NONE', #640, .T. ) ;
#742 = ORIENTED_EDGE ( 'NONE', *, *, #2046, .F. ) ;
#743 = DIRECTION ( 'NONE',  ( -0.000000000000000000, 1.000000000000000000, -0.000000000000000000 ) ) ;
#744 = MECHANICAL_DESIGN_GEOMETRIC_PRESENTATION_REPRESENTATION (  '', ( #411 ), #706 ) ;
#745 = CARTESIAN_POINT ( 'NONE',  ( -0.04250000000000000999, -0.05325839808708392881, -0.08495738475843635229 ) ) ;
#746 = CARTESIAN_POINT ( 'NONE',  ( 0.04250000000000001693, -0.05709448818897639583, -0.08638495475406700319 ) ) ;
#747 = EDGE_CURVE ( 'NONE', #292, #301, #649, .T. ) ;
#748 = DIRECTION ( 'NONE',  ( -0.000000000000000000, 0.000000000000000000, 1.000000000000000000 ) ) ;
#749 =( NAMED_UNIT ( * ) SI_UNIT ( $, .STERADIAN. ) SOLID_ANGLE_UNIT ( ) );
#750 = ORIENTED_EDGE ( 'NONE', *, *, #886, .T. ) ;
#751 = EDGE_CURVE ( 'NONE', #1386, #602, #1582, .T. ) ;
#752 = DIRECTION ( 'NONE',  ( 0.000000000000000000, 1.000000000000000000, -0.000000000000000000 ) ) ;
#753 = DIRECTION ( 'NONE',  ( 0.000000000000000000, 1.000000000000000000, -0.000000000000000000 ) ) ;
#754 = VERTEX_POINT ( 'NONE', #194 ) ;
#755 = CARTESIAN_POINT ( 'NONE',  ( -0.05000000000000000278, -0.05709448818897639583, -0.1060000000000000386 ) ) ;
#756 = EDGE_CURVE ( 'NONE', #1961, #587, #823, .T. ) ;
#757 = CARTESIAN_POINT ( 'NONE',  ( 0.05000000000000000278, -0.05709448818897639583, -0.1060000000000000386 ) ) ;
#758 = CARTESIAN_POINT ( 'NONE',  ( 0.02615151996457637865, -0.04557619047619075603, -0.1135000000000000314 ) ) ;
#759 =( NAMED_UNIT ( * ) PLANE_ANGLE_UNIT ( ) SI_UNIT ( $, .RADIAN. ) );
#760 = FILL_AREA_STYLE_COLOUR ( '', #1133 ) ;
#761 = FILL_AREA_STYLE ('',( #1793 ) ) ;
#762 = UNCERTAINTY_MEASURE_WITH_UNIT (LENGTH_MEASURE( 1.000000000000000082E-05 ), #1150, 'distance_accuracy_value', 'NONE');
#763 = VECTOR ( 'NONE', #491, 39.37007874015748143 ) ;
#764 = ORIENTED_EDGE ( 'NONE', *, *, #2165, .T. ) ;
#765 = FACE_OUTER_BOUND ( 'NONE', #234, .T. ) ;
#766 = CIRCLE ( 'NONE', #2288, 0.02000000000000000042 ) ;
#767 =( NAMED_UNIT ( * ) PLANE_ANGLE_UNIT ( ) SI_UNIT ( $, .RADIAN. ) );
#768 = FILL_AREA_STYLE_COLOUR ( '', #2473 ) ;
#769 = ORIENTED_EDGE ( 'NONE', *, *, #1700, .F. ) ;
#770 = AXIS2_PLACEMENT_3D ( 'NONE', #1858, #1665, #592 ) ;
#771 = FACE_OUTER_BOUND ( 'NONE', #1419, .T. ) ;
#772 = CIRCLE ( 'NONE', #2380, 0.02099999999999999437 ) ;
#773 = CARTESIAN_POINT ( 'NONE',  ( -0.02615151996457635436, -0.04889393564956671240, -0.1073873601134823635 ) ) ;
#774 = COLOUR_RGB ( '',1.000000000000000000, 1.000000000000000000, 1.000000000000000000 ) ;
#775 = LINE ( 'NONE', #1597, #1584 ) ;
#776 = PRESENTATION_LAYER_ASSIGNMENT (  '', '', ( #868 ) ) ;
#777 = PLANE ( 'NONE',  #151 ) ;
#778 = PRESENTATION_STYLE_ASSIGNMENT (( #1791 ) ) ;
#779 = VECTOR ( 'NONE', #1136, 39.37007874015748143 ) ;
#780 = VERTEX_POINT ( 'NONE', #1629 ) ;
#781 = CARTESIAN_POINT ( 'NONE',  ( 0.04861075770929188661, -0.04889366465985118398, -0.08215151996457641104 ) ) ;
#782 = CARTESIAN_POINT ( 'NONE',  ( 0.05750000000000000250, -0.05709253464102156950, -0.1256171367169089947 ) ) ;
#783 = DIRECTION ( 'NONE',  ( -1.789846767492151894E-16, 0.000000000000000000, -1.000000000000000000 ) ) ;
#784 = EDGE_CURVE ( 'NONE', #501, #2565, #808, .T. ) ;
#785 = ORIENTED_EDGE ( 'NONE', *, *, #1562, .T. ) ;
#786 = CARTESIAN_POINT ( 'NONE',  ( -0.06961818244494398511, -0.05709155785906509101, -0.09850000000000005973 ) ) ;
#787 = LENGTH_MEASURE_WITH_UNIT ( LENGTH_MEASURE( 0.02539999999999999897 ), #386 );
#788 = VERTEX_POINT ( 'NONE', #1655 ) ;
#789 = DIRECTION ( 'NONE',  ( 0.000000000000000000, 0.000000000000000000, 1.000000000000000000 ) ) ;
#790 = LINE ( 'NONE', #566, #74 ) ;
#791 = EDGE_CURVE ( 'NONE', #1926, #6, #1245, .T. ) ;
#792 = CYLINDRICAL_SURFACE ( 'NONE', #1994, 0.02000000000000000042 ) ;
#793 = SHAPE_DEFINITION_REPRESENTATION ( #2422, #2194 ) ;
#794 = ORIENTED_EDGE ( 'NONE', *, *, #784, .F. ) ;
#795 = PLANE ( 'NONE',  #1632 ) ;
#796 =( LENGTH_UNIT ( ) NAMED_UNIT ( * ) SI_UNIT ( $, .METRE. ) );
#797 = CARTESIAN_POINT ( 'NONE',  ( 0.04250000000000001693, -0.05709351141765946908, -0.1256160909839060535 ) ) ;
#798 = UNCERTAINTY_MEASURE_WITH_UNIT (LENGTH_MEASURE( 1.000000000000000082E-05 ), #1570, 'distance_accuracy_value', 'NONE');
#799 = B_SPLINE_CURVE_WITH_KNOTS ( 'NONE', 3,
 ( #1406, #1007, #1622, #7 ),
 .UNSPECIFIED., .F., .F.,
 ( 4, 4 ),
 ( 0.000000000000000000, 0.0003116023134073350937 ),
 .UNSPECIFIED. ) ;
#800 = VERTEX_POINT ( 'NONE', #1185 ) ;
#801 = CARTESIAN_POINT ( 'NONE',  ( 0.05750000000000000250, -0.04557619047619072133, -0.1298484800354236801 ) ) ;
#802 = CARTESIAN_POINT ( 'NONE',  ( -0.02615151996457636477, -0.04730343922437855314, -0.1006906492028658145 ) ) ;
#803 = EDGE_LOOP ( 'NONE', ( #2442, #1585, #618, #624, #1906 ) ) ;
#804 = PLANE ( 'NONE',  #2122 ) ;
#805 = EDGE_CURVE ( 'NONE', #1840, #1726, #219, .T. ) ;
#806 = CARTESIAN_POINT ( 'NONE',  ( -0.05749999999999997474, -0.04499999999999999833, 1.029161891307986957E-17 ) ) ;
#807 = CARTESIAN_POINT ( 'NONE',  ( 0.1000000000000000056, -0.04499999999999999833, -0.1135000000000000314 ) ) ;
#808 = LINE ( 'NONE', #41, #1112 ) ;
#809 = VERTEX_POINT ( 'NONE', #1845 ) ;
#810 =( CONVERSION_BASED_UNIT ( 'INCH', #1221 ) LENGTH_UNIT ( ) NAMED_UNIT ( #205 ) );
#811 = CARTESIAN_POINT ( 'NONE',  ( 0.03038390901609399133, -0.05709351141765946908, -0.09850000000000005973 ) ) ;
#812 = ORIENTED_EDGE ( 'NONE', *, *, #1509, .F. ) ;
#813 = CARTESIAN_POINT ( 'NONE',  ( 0.05750000000000000250, -0.04941897348264880085, -0.1284502163282147946 ) ) ;
#814 = B_SPLINE_CURVE_WITH_KNOTS ( 'NONE', 3,
 ( #2577, #1004, #1587, #1208 ),
 .UNSPECIFIED., .F., .F.,
 ( 4, 4 ),
 ( 2.287560554743619306E-07, 0.0003118310694628096801 ),
 .UNSPECIFIED. ) ;
#815 = CARTESIAN_POINT ( 'NONE',  ( 0.02615151996457637865, -0.04557619047619075603, -0.09850000000000005973 ) ) ;
#816 = PRESENTATION_LAYER_ASSIGNMENT (  '', '', ( #470 ) ) ;
#817 = ORIENTED_EDGE ( 'NONE', *, *, #259, .F. ) ;
#818 = CIRCLE ( 'NONE', #2503, 0.02099999999999999437 ) ;
#819 = CARTESIAN_POINT ( 'NONE',  ( -0.05000000000000000278, -0.06300000000000000044, -0.1210944881889764180 ) ) ;
#820 = DIRECTION ( 'NONE',  ( -1.789846767492151647E-16, 0.000000000000000000, -1.000000000000000000 ) ) ;
#821 = VECTOR ( 'NONE', #645, 39.37007874015748143 ) ;
#822 = LINE ( 'NONE', #13, #2023 ) ;
#823 = LINE ( 'NONE', #1616, #2335 ) ;
#824 = ORIENTED_EDGE ( 'NONE', *, *, #2274, .T. ) ;
#825 = AXIS2_PLACEMENT_3D ( 'NONE', #164, #980, #929 ) ;
#826 = AXIS2_PLACEMENT_3D ( 'NONE', #336, #1369, #1936 ) ;
#827 = CARTESIAN_POINT ( 'NONE',  ( 0.06961713671690895888, -0.05709253464102156256, -0.1135000000000000314 ) ) ;
#828 = FACE_OUTER_BOUND ( 'NONE', #1071, .T. ) ;
#829 = ORIENTED_EDGE ( 'NONE', *, *, #564, .T. ) ;
#830 = CARTESIAN_POINT ( 'NONE',  ( -0.06961609098390601769, -0.05709351141765947601, -0.1135000000000000314 ) ) ;
#831 = VECTOR ( 'NONE', #2515, 39.37007874015748143 ) ;
#832 = LINE ( 'NONE', #1450, #995 ) ;
#833 = VERTEX_POINT ( 'NONE', #229 ) ;
#834 = CARTESIAN_POINT ( 'NONE',  ( 0.000000000000000000, 0.1499999999999999667, 0.1989999999999999825 ) ) ;
#835 = DIRECTION ( 'NONE',  ( 0.000000000000000000, 0.000000000000000000, 1.000000000000000000 ) ) ;
#836 = CARTESIAN_POINT ( 'NONE',  ( 0.02615151996457637865, 0.000000000000000000, -0.09850000000000005973 ) ) ;
#837 = EDGE_CURVE ( 'NONE', #1006, #306, #1456, .T. ) ;
#838 = DIRECTION ( 'NONE',  ( 0.000000000000000000, 1.000000000000000000, 0.000000000000000000 ) ) ;
#839 = ORIENTED_EDGE ( 'NONE', *, *, #1276, .T. ) ;
#840 =( LENGTH_UNIT ( ) NAMED_UNIT ( * ) SI_UNIT ( $, .METRE. ) );
#841 = VECTOR ( 'NONE', #2082, 39.37007874015748143 ) ;
#842 = CARTESIAN_POINT ( 'NONE',  ( 0.05000000000000000278, -0.04499999999999999833, -0.08079999999999995519 ) ) ;
#843 = EDGE_CURVE ( 'NONE', #1911, #2565, #2451, .T. ) ;
#844 = ORIENTED_EDGE ( 'NONE', *, *, #1782, .T. ) ;
#845 = PRESENTATION_STYLE_ASSIGNMENT (( #1852 ) ) ;
#846 =( LENGTH_UNIT ( ) NAMED_UNIT ( * ) SI_UNIT ( $, .METRE. ) );
#847 =( NAMED_UNIT ( * ) SI_UNIT ( $, .STERADIAN. ) SOLID_ANGLE_UNIT ( ) );
#848 = ORIENTED_EDGE ( 'NONE', *, *, #884, .F. ) ;
#849 = ADVANCED_FACE ( 'NONE', ( #29 ), #792, .T. ) ;
#850 = DIRECTION ( 'NONE',  ( 1.000000000000000000, 0.000000000000000000, -1.789846767492151647E-16 ) ) ;
#851 = B_SPLINE_CURVE_WITH_KNOTS ( 'NONE', 3,
 ( #594, #1416, #368, #2213, #781, #398 ),
 .UNSPECIFIED., .F., .F.,
 ( 4, 2, 4 ),
 ( -0.0001777546810721630419, -7.190147017852903323E-05, 3.395174071510497545E-05 ),
 .UNSPECIFIED. ) ;
#852 = CARTESIAN_POINT ( 'NONE',  ( 0.08899999999999999578, 0.2099999999999999367, 0.09899999999999994915 ) ) ;
#853 = VERTEX_POINT ( 'NONE', #2226 ) ;
#854 = FACE_OUTER_BOUND ( 'NONE', #1239, .T. ) ;
#855 = ORIENTED_EDGE ( 'NONE', *, *, #913, .T. ) ;
#856 = EDGE_LOOP ( 'NONE', ( #1739, #699, #211, #844, #256 ) ) ;
#857 =( NAMED_UNIT ( * ) SI_UNIT ( $, .STERADIAN. ) SOLID_ANGLE_UNIT ( ) );
#858 = LINE ( 'NONE', #689, #428 ) ;
#859 = COLOUR_RGB ( '',1.000000000000000000, 1.000000000000000000, 1.000000000000000000 ) ;
#860 = DIRECTION ( 'NONE',  ( 0.000000000000000000, 0.000000000000000000, 1.000000000000000000 ) ) ;
#861 = ORIENTED_EDGE ( 'NONE', *, *, #124, .T. ) ;
#862 = CONICAL_SURFACE ( 'NONE', #265, 0.02520000000000008344, 0.3340956062408719784 ) ;
#863 = EDGE_CURVE ( 'NONE', #16, #1482, #1002, .T. ) ;
#864 = CARTESIAN_POINT ( 'NONE',  ( -0.05749999999999999556, -0.05709448818897639583, -0.08638495475406700319 ) ) ;
#865 = VECTOR ( 'NONE', #260, 39.37007874015748143 ) ;
#866 = ORIENTED_EDGE ( 'NONE', *, *, #375, .T. ) ;
#867 = CARTESIAN_POINT ( 'NONE',  ( -0.05281112987957252425, -0.04889380087786039664, -0.1298484800354237079 ) ) ;
#868 = STYLED_ITEM ( 'NONE', ( #2168 ), #2020 ) ;
#869 = ORIENTED_EDGE ( 'NONE', *, *, #1496, .F. ) ;
#870 = FILL_AREA_STYLE_COLOUR ( '', #513 ) ;
#871 = ORIENTED_EDGE ( 'NONE', *, *, #1355, .T. ) ;
#872 = EDGE_CURVE ( 'NONE', #1235, #1127, #608, .T. ) ;
#873 = PRESENTATION_STYLE_ASSIGNMENT (( #1054 ) ) ;
#874 = PRESENTATION_LAYER_ASSIGNMENT (  '', '', ( #1555 ) ) ;
#875 = DIRECTION ( 'NONE',  ( -0.000000000000000000, 1.000000000000000000, -0.000000000000000000 ) ) ;
#876 = DIRECTION ( 'NONE',  ( -0.000000000000000000, 0.000000000000000000, 1.000000000000000000 ) ) ;
#877 = ORIENTED_EDGE ( 'NONE', *, *, #2569, .F. ) ;
#878 = ORIENTED_EDGE ( 'NONE', *, *, #107, .T. ) ;
#879 = FILL_AREA_STYLE ('',( #870 ) ) ;
#880 = MECHANICAL_DESIGN_GEOMETRIC_PRESENTATION_REPRESENTATION (  '', ( #1981 ), #1611 ) ;
#881 = FACE_OUTER_BOUND ( 'NONE', #940, .T. ) ;
#882 = DIRECTION ( 'NONE',  ( 1.000000000000000000, -0.000000000000000000, 0.000000000000000000 ) ) ;
#883 = EDGE_CURVE ( 'NONE', #535, #579, #2234, .T. ) ;
#884 = EDGE_CURVE ( 'NONE', #254, #579, #2209, .T. ) ;
#885 = LINE ( 'NONE', #248, #268 ) ;
#886 = EDGE_CURVE ( 'NONE', #1179, #1513, #118, .T. ) ;
#887 = DIRECTION ( 'NONE',  ( 1.000000000000000000, 0.000000000000000000, 0.000000000000000000 ) ) ;
#888 = CARTESIAN_POINT ( 'NONE',  ( 0.1000000000000000056, 0.000000000000000000, -0.09850000000000005973 ) ) ;
#889 = FACE_OUTER_BOUND ( 'NONE', #1684, .T. ) ;
#890 = FACE_OUTER_BOUND ( 'NONE', #1827, .T. ) ;
#891 = B_SPLINE_CURVE_WITH_KNOTS ( 'NONE', 3,
 ( #1968, #1157, #162, #1407, #2414, #815 ),
 .UNSPECIFIED., .F., .F.,
 ( 4, 2, 4 ),
 ( -0.0002440764110120298566, -3.352089098414482555E-05, 0.0001770346290437402055 ),
 .UNSPECIFIED. ) ;
#892 = ORIENTED_EDGE ( 'NONE', *, *, #1677, .T. ) ;
#893 = CARTESIAN_POINT ( 'NONE',  ( -0.02615151996457636130, -0.04730832660111022880, -0.1113013191301323729 ) ) ;
#894 = FILL_AREA_STYLE ('',( #480 ) ) ;
#895 = CARTESIAN_POINT ( 'NONE',  ( 0.08899999999999999578, 0.000000000000000000, 0.000000000000000000 ) ) ;
#896 = DIRECTION ( 'NONE',  ( 1.000000000000000000, -0.000000000000000000, 0.000000000000000000 ) ) ;
#897 = CARTESIAN_POINT ( 'NONE',  ( 0.1000000000000000056, 0.000000000000000000, -0.09850000000000005973 ) ) ;
#898 =( GEOMETRIC_REPRESENTATION_CONTEXT ( 3 ) GLOBAL_UNCERTAINTY_ASSIGNED_CONTEXT ( ( #2251 ) ) GLOBAL_UNIT_ASSIGNED_CONTEXT ( ( #258, #1691, #2279 ) ) REPRESENTATION_CONTEXT ( 'NONE', 'WORKASPACE' ) );
#899 = CARTESIAN_POINT ( 'NONE',  ( 0.04250000000000001693, -0.05709155785906511182, -0.08638181755505607018 ) ) ;
#900 = DIRECTION ( 'NONE',  ( -0.000000000000000000, 1.000000000000000000, -0.000000000000000000 ) ) ;
#901 = STYLED_ITEM ( 'NONE', ( #429 ), #1189 ) ;
#902 = ORIENTED_EDGE ( 'NONE', *, *, #713, .F. ) ;
#903 = CIRCLE ( 'NONE', #2249, 0.02100293032991129918 ) ;
#904 = CARTESIAN_POINT ( 'NONE',  ( -0.03038181755505602738, -0.05709155785906510489, -0.1135000000000000314 ) ) ;
#905 = VERTEX_POINT ( 'NONE', #623 ) ;
#906 = MECHANICAL_DESIGN_GEOMETRIC_PRESENTATION_REPRESENTATION (  '', ( #392 ), #1325 ) ;
#907 = CARTESIAN_POINT ( 'NONE',  ( -0.04250000000000000999, -0.05709253464102156256, -0.08638286328309109641 ) ) ;
#908 = AXIS2_PLACEMENT_3D ( 'NONE', #2068, #257, #1876 ) ;
#909 = CARTESIAN_POINT ( 'NONE',  ( 0.07384848003542364425, -0.04557619047619070746, -0.09850000000000005973 ) ) ;
#910 = VERTEX_POINT ( 'NONE', #218 ) ;
#911 = CARTESIAN_POINT ( 'NONE',  ( 0.1000000000000000056, 0.000000000000000000, -0.1135000000000000314 ) ) ;
#912 = COLOUR_RGB ( '',1.000000000000000000, 1.000000000000000000, 1.000000000000000000 ) ;
#913 = EDGE_CURVE ( 'NONE', #1023, #2067, #1836, .T. ) ;
#914 = EDGE_CURVE ( 'NONE', #301, #1235, #1718, .T. ) ;
#915 = AXIS2_PLACEMENT_3D ( 'NONE', #627, #2439, #2236 ) ;
#916 = FACE_OUTER_BOUND ( 'NONE', #2610, .T. ) ;
#917 =( NAMED_UNIT ( * ) SI_UNIT ( $, .STERADIAN. ) SOLID_ANGLE_UNIT ( ) );
#918 = ORIENTED_EDGE ( 'NONE', *, *, #2311, .T. ) ;
#919 = ADVANCED_FACE ( 'NONE', ( #916 ), #678, .F. ) ;
#920 = VERTEX_POINT ( 'NONE', #2523 ) ;
#921 = ORIENTED_EDGE ( 'NONE', *, *, #2569, .T. ) ;
#922 = PLANE ( 'NONE',  #2340 ) ;
#923 = ORIENTED_EDGE ( 'NONE', *, *, #1008, .F. ) ;
#924 = DIRECTION ( 'NONE',  ( 0.000000000000000000, 1.000000000000000000, 0.000000000000000000 ) ) ;
#925 = PRODUCT ( 'SLP3-150-100-F', 'SLP3-150-100-F', '', ( #1219 ) ) ;
#926 = CARTESIAN_POINT ( 'NONE',  ( 0.05750000000000000250, -0.04499999999999999833, -0.08215151996457641104 ) ) ;
#927 =( NAMED_UNIT ( * ) SI_UNIT ( $, .STERADIAN. ) SOLID_ANGLE_UNIT ( ) );
#928 = DIMENSIONAL_EXPONENTS ( 1.000000000000000000, 0.000000000000000000, 0.000000000000000000, 0.000000000000000000, 0.000000000000000000, 0.000000000000000000, 0.000000000000000000 ) ;
#929 = DIRECTION ( 'NONE',  ( 1.000000000000000000, 0.000000000000000000, 0.000000000000000000 ) ) ;
#930 = ADVANCED_FACE ( 'NONE', ( #297 ), #1637, .T. ) ;
#931 = ORIENTED_EDGE ( 'NONE', *, *, #1750, .T. ) ;
#932 = CARTESIAN_POINT ( 'NONE',  ( -0.07384848003542364425, -0.04741188307060058976, -0.1113760581552282747 ) ) ;
#933 = ORIENTED_EDGE ( 'NONE', *, *, #1625, .F. ) ;
#934 = DIRECTION ( 'NONE',  ( 0.000000000000000000, 1.000000000000000000, 0.000000000000000000 ) ) ;
#935 = DIRECTION ( 'NONE',  ( 1.625873122674284184E-15, 0.000000000000000000, 1.000000000000000000 ) ) ;
#936 = VERTEX_POINT ( 'NONE', #1100 ) ;
#937 = FACE_OUTER_BOUND ( 'NONE', #1636, .T. ) ;
#938 = CARTESIAN_POINT ( 'NONE',  ( -0.03038495475406697080, 0.000000000000000000, -0.09850000000000005973 ) ) ;
#939 = CARTESIAN_POINT ( 'NONE',  ( 0.04250000000000001693, -0.05709155785906509101, -0.1256181824449440210 ) ) ;
#940 = EDGE_LOOP ( 'NONE', ( #90, #1273, #1935, #1497, #460 ) ) ;
#941 = AXIS2_PLACEMENT_3D ( 'NONE', #1577, #1155, #2371 ) ;
#942 = DIMENSIONAL_EXPONENTS ( 1.000000000000000000, 0.000000000000000000, 0.000000000000000000, 0.000000000000000000, 0.000000000000000000, 0.000000000000000000, 0.000000000000000000 ) ;
#943 = DIRECTION ( 'NONE',  ( 0.000000000000000000, -1.138269997360110167E-15, -1.000000000000000000 ) ) ;
#944 = ORIENTED_EDGE ( 'NONE', *, *, #378, .F. ) ;
#945 = CARTESIAN_POINT ( 'NONE',  ( 0.05000000000000000278, -0.06300000000000000044, -0.1060000000000000386 ) ) ;
#946 = FACE_OUTER_BOUND ( 'NONE', #2248, .T. ) ;
#947 = PRESENTATION_LAYER_ASSIGNMENT (  '', '', ( #2083 ) ) ;
#948 = VERTEX_POINT ( 'NONE', #1075 ) ;
#949 = DIRECTION ( 'NONE',  ( -0.000000000000000000, 1.000000000000000000, -0.000000000000000000 ) ) ;
#950 = CIRCLE ( 'NONE', #19, 0.01509448818897637414 ) ;
#951 = EDGE_CURVE ( 'NONE', #401, #833, #302, .T. ) ;
#952 = DIRECTION ( 'NONE',  ( 0.000000000000000000, 1.000000000000000000, 0.000000000000000000 ) ) ;
#953 = AXIS2_PLACEMENT_3D ( 'NONE', #1531, #1126, #350 ) ;
#954 = COLOUR_RGB ( '',1.000000000000000000, 1.000000000000000000, 1.000000000000000000 ) ;
#955 = DIRECTION ( 'NONE',  ( 0.000000000000000000, 1.000000000000000000, -0.000000000000000000 ) ) ;
#956 = EDGE_CURVE ( 'NONE', #300, #800, #1014, .T. ) ;
#957 = DIRECTION ( 'NONE',  ( 0.000000000000000000, 1.000000000000000000, -1.138269997360110167E-15 ) ) ;
#958 = EDGE_CURVE ( 'NONE', #1179, #1023, #1267, .T. ) ;
#959 = ORIENTED_EDGE ( 'NONE', *, *, #1353, .F. ) ;
#960 =( NAMED_UNIT ( * ) SI_UNIT ( $, .STERADIAN. ) SOLID_ANGLE_UNIT ( ) );
#961 = DIRECTION ( 'NONE',  ( 1.000000000000000000, 0.000000000000000000, 0.000000000000000000 ) ) ;
#962 = UNCERTAINTY_MEASURE_WITH_UNIT (LENGTH_MEASURE( 1.000000000000000082E-05 ), #2354, 'distance_accuracy_value', 'NONE');
#963 = DIMENSIONAL_EXPONENTS ( 1.000000000000000000, 0.000000000000000000, 0.000000000000000000, 0.000000000000000000, 0.000000000000000000, 0.000000000000000000, 0.000000000000000000 ) ;
#964 = ORIENTED_EDGE ( 'NONE', *, *, #747, .F. ) ;
#965 = CARTESIAN_POINT ( 'NONE',  ( 0.08899999999999999578, 0.09099999999999999756, -0.1510000000000000786 ) ) ;
#966 = PRODUCT_RELATED_PRODUCT_CATEGORY ( 'part', '', ( #925 ) ) ;
#967 = MECHANICAL_DESIGN_GEOMETRIC_PRESENTATION_REPRESENTATION (  '', ( #2525 ), #1217 ) ;
#968 = CARTESIAN_POINT ( 'NONE',  ( -0.04250000000000000999, -0.04941897348264880085, -0.08354978367178529652 ) ) ;
#969 = LINE ( 'NONE', #577, #1565 ) ;
#970 =( NAMED_UNIT ( * ) PLANE_ANGLE_UNIT ( ) SI_UNIT ( $, .RADIAN. ) );
#971 = VERTEX_POINT ( 'NONE', #1882 ) ;
#972 = DIRECTION ( 'NONE',  ( -0.000000000000000000, -0.000000000000000000, 1.000000000000000000 ) ) ;
#973 = SURFACE_SIDE_STYLE ('',( #208 ) ) ;
#974 = FACE_OUTER_BOUND ( 'NONE', #1459, .T. ) ;
#975 = ORIENTED_EDGE ( 'NONE', *, *, #633, .F. ) ;
#976 = PRESENTATION_STYLE_ASSIGNMENT (( #506 ) ) ;
#977 = CARTESIAN_POINT ( 'NONE',  ( 0.05750000000000000250, -0.04557619047619072133, -0.1298484800354236801 ) ) ;
#978 = DIMENSIONAL_EXPONENTS ( 1.000000000000000000, 0.000000000000000000, 0.000000000000000000, 0.000000000000000000, 0.000000000000000000, 0.000000000000000000, 0.000000000000000000 ) ;
#979 = CARTESIAN_POINT ( 'NONE',  ( 0.05537605815522824576, -0.04741188307060055507, -0.1298484800354236801 ) ) ;
#980 = DIRECTION ( 'NONE',  ( -0.000000000000000000, 0.000000000000000000, 1.000000000000000000 ) ) ;
#981 = SURFACE_SIDE_STYLE ('',( #180 ) ) ;
#982 = EDGE_CURVE ( 'NONE', #1386, #1105, #1683, .T. ) ;
#983 = CARTESIAN_POINT ( 'NONE',  ( -0.07384848003542363037, -0.04557619047619075603, -0.1135000000000000314 ) ) ;
#984 = DIRECTION ( 'NONE',  ( 0.000000000000000000, 0.000000000000000000, 1.000000000000000000 ) ) ;
#985 = CONICAL_SURFACE ( 'NONE', #2580, 0.02520000000000008344, 0.3340956062408719784 ) ;
#986 = VERTEX_POINT ( 'NONE', #2111 ) ;
#987 = DIRECTION ( 'NONE',  ( 0.000000000000000000, -0.000000000000000000, -1.000000000000000000 ) ) ;
#988 = AXIS2_PLACEMENT_3D ( 'NONE', #1304, #1463, #1477 ) ;
#989 = FACE_OUTER_BOUND ( 'NONE', #2488, .T. ) ;
#990 = CARTESIAN_POINT ( 'NONE',  ( 0.04250000000000003081, 0.000000000000000000, 1.029161891307986957E-17 ) ) ;
#991 = UNCERTAINTY_MEASURE_WITH_UNIT (LENGTH_MEASURE( 1.000000000000000082E-05 ), #363, 'distance_accuracy_value', 'NONE');
#992 = ORIENTED_EDGE ( 'NONE', *, *, #682, .F. ) ;
#993 = STYLED_ITEM ( 'NONE', ( #1744 ), #1165 ) ;
#994 = LINE ( 'NONE', #414, #11 ) ;
#995 = VECTOR ( 'NONE', #1609, 39.37007874015748143 ) ;
#996 = FILL_AREA_STYLE ('',( #1394 ) ) ;
#997 = VERTEX_POINT ( 'NONE', #660 ) ;
#998 = VECTOR ( 'NONE', #2470, 39.37007874015748143 ) ;
#999 = SURFACE_STYLE_USAGE ( .BOTH. , #1612 ) ;
#1000 = DIRECTION ( 'NONE',  ( 0.000000000000000000, 0.000000000000000000, 1.000000000000000000 ) ) ;
#1001 = DIRECTION ( 'NONE',  ( 0.000000000000000000, 0.000000000000000000, -1.000000000000000000 ) ) ;
#1002 = LINE ( 'NONE', #407, #1541 ) ;
#1003 = ORIENTED_EDGE ( 'NONE', *, *, #1338, .F. ) ;
#1004 = CARTESIAN_POINT ( 'NONE',  ( -0.04250000000000000999, -0.05325839808708392881, -0.1270426152415637389 ) ) ;
#1005 = LENGTH_MEASURE_WITH_UNIT ( LENGTH_MEASURE( 0.02539999999999999897 ), #1061 );
#1006 = VERTEX_POINT ( 'NONE', #451 ) ;
#1007 = CARTESIAN_POINT ( 'NONE',  ( 0.04250000000000000999, -0.04941897348264880085, -0.1284502163282147946 ) ) ;
#1008 = EDGE_CURVE ( 'NONE', #1835, #1214, #625, .T. ) ;
#1009 =( NAMED_UNIT ( * ) SI_UNIT ( $, .STERADIAN. ) SOLID_ANGLE_UNIT ( ) );
#1010 = ORIENTED_EDGE ( 'NONE', *, *, #1816, .T. ) ;
#1011 = DIRECTION ( 'NONE',  ( 0.000000000000000000, 0.000000000000000000, 1.000000000000000000 ) ) ;
#1012 = EDGE_CURVE ( 'NONE', #2409, #587, #65, .T. ) ;
#1013 = LINE ( 'NONE', #646, #1801 ) ;
#1014 = B_SPLINE_CURVE_WITH_KNOTS ( 'NONE', 3,
 ( #864, #2262, #1868, #2508 ),
 .UNSPECIFIED., .F., .F.,
 ( 4, 4 ),
 ( 0.000000000000000000, 1.090392476410133426E-07 ),
 .UNSPECIFIED. ) ;
#1015 = AXIS2_PLACEMENT_3D ( 'NONE', #1500, #1454, #1698 ) ;
#1016 = CARTESIAN_POINT ( 'NONE',  ( 0.05000000000000000278, -0.04499999999999999833, -0.1060000000000000386 ) ) ;
#1017 = ORIENTED_EDGE ( 'NONE', *, *, #358, .T. ) ;
#1018 = CARTESIAN_POINT ( 'NONE',  ( 0.000000000000000000, 0.000000000000000000, -0.09850000000000005973 ) ) ;
#1019 = LINE ( 'NONE', #2040, #1248 ) ;
#1020 = EDGE_LOOP ( 'NONE', ( #327, #1415, #1211, #454 ) ) ;
#1021 = CARTESIAN_POINT ( 'NONE',  ( 0.03038495475406697427, 0.000000000000000000, -0.09850000000000005973 ) ) ;
#1022 = CARTESIAN_POINT ( 'NONE',  ( 0.04250000000000001693, -0.05709253464102156256, -0.08638286328309109641 ) ) ;
#1023 = VERTEX_POINT ( 'NONE', #1693 ) ;
#1024 = LINE ( 'NONE', #405, #2464 ) ;
#1025 = CARTESIAN_POINT ( 'NONE',  ( -0.05750000000000000250, -0.04557619047619072133, -0.1298484800354236801 ) ) ;
#1026 =( CONVERSION_BASED_UNIT ( 'INCH', #217 ) LENGTH_UNIT ( ) NAMED_UNIT ( #963 ) );
#1027 = B_SPLINE_CURVE_WITH_KNOTS ( 'NONE', 3,
 ( #2467, #2077, #2090, #293, #69, #58, #655, #1064, #255, #1474 ),
 .UNSPECIFIED., .F., .F.,
 ( 4, 2, 2, 2, 4 ),
 ( -0.0001777546810721619035, -7.192199170561743796E-05, 3.391069766092702758E-05, 0.0001397433870274714931, 0.0002455760763940159587 ),
 .UNSPECIFIED. ) ;
#1028 = CARTESIAN_POINT ( 'NONE',  ( 0.05000000000000000278, 0.000000000000000000, -0.1060000000000000386 ) ) ;
#1029 = ORIENTED_EDGE ( 'NONE', *, *, #2318, .T. ) ;
#1030 = LINE ( 'NONE', #842, #1084 ) ;
#1031 = VERTEX_POINT ( 'NONE', #1920 ) ;
#1032 = CARTESIAN_POINT ( 'NONE',  ( 0.08899999999999999578, 0.000000000000000000, -0.07000000000000007605 ) ) ;
#1033 = VECTOR ( 'NONE', #2363, 39.37007874015748143 ) ;
#1034 = CARTESIAN_POINT ( 'NONE',  ( -0.02615151996457636130, 0.000000000000000000, -0.1135000000000000314 ) ) ;
#1035 = VECTOR ( 'NONE', #882, 39.37007874015748143 ) ;
#1036 = ORIENTED_EDGE ( 'NONE', *, *, #2600, .T. ) ;
#1037 = EDGE_CURVE ( 'NONE', #1127, #2018, #2484, .T. ) ;
#1038 = AXIS2_PLACEMENT_3D ( 'NONE', #2098, #876, #1521 ) ;
#1039 =( LENGTH_UNIT ( ) NAMED_UNIT ( * ) SI_UNIT ( $, .METRE. ) );
#1040 = B_SPLINE_CURVE_WITH_KNOTS ( 'NONE', 3,
 ( #1668, #684, #1510, #867, #1897, #2301 ),
 .UNSPECIFIED., .F., .F.,
 ( 4, 2, 4 ),
 ( -0.0002440764110120315100, -3.352089098414634343E-05, 0.0001770346290437388231 ),
 .UNSPECIFIED. ) ;
#1041 = LINE ( 'NONE', #28, #1925 ) ;
#1042 = MECHANICAL_DESIGN_GEOMETRIC_PRESENTATION_REPRESENTATION (  '', ( #2083 ), #1719 ) ;
#1043 =( GEOMETRIC_REPRESENTATION_CONTEXT ( 3 ) GLOBAL_UNCERTAINTY_ASSIGNED_CONTEXT ( ( #539 ) ) GLOBAL_UNIT_ASSIGNED_CONTEXT ( ( #810, #767, #369 ) ) REPRESENTATION_CONTEXT ( 'NONE', 'WORKASPACE' ) );
#1044 = EDGE_CURVE ( 'NONE', #1535, #2446, #2281, .T. ) ;
#1045 = CARTESIAN_POINT ( 'NONE',  ( -0.08899999999999999578, 0.05999999999999997696, -0.07000000000000000666 ) ) ;
#1046 = ORIENTED_EDGE ( 'NONE', *, *, #529, .F. ) ;
#1047 = CARTESIAN_POINT ( 'NONE',  ( 0.06961609098390601769, -0.05709351141765946908, -0.1135000000000000314 ) ) ;
#1048 = DIRECTION ( 'NONE',  ( -0.000000000000000000, -0.000000000000000000, 1.000000000000000000 ) ) ;
#1049 = UNCERTAINTY_MEASURE_WITH_UNIT (LENGTH_MEASURE( 1.000000000000000082E-05 ), #1026, 'distance_accuracy_value', 'NONE');
#1050 = ADVANCED_FACE ( 'NONE', ( #1280, #1904 ), #2087, .T. ) ;
#1051 = ORIENTED_EDGE ( 'NONE', *, *, #2195, .T. ) ;
#1052 = LINE ( 'NONE', #212, #1320 ) ;
#1053 =( GEOMETRIC_REPRESENTATION_CONTEXT ( 3 ) GLOBAL_UNCERTAINTY_ASSIGNED_CONTEXT ( ( #762 ) ) GLOBAL_UNIT_ASSIGNED_CONTEXT ( ( #1150, #352, #122 ) ) REPRESENTATION_CONTEXT ( 'NONE', 'WORKASPACE' ) );
#1054 = SURFACE_STYLE_USAGE ( .BOTH. , #1712 ) ;
#1055 = DIRECTION ( 'NONE',  ( 0.000000000000000000, 1.000000000000000000, 0.000000000000000000 ) ) ;
#1056 = ORIENTED_EDGE ( 'NONE', *, *, #735, .F. ) ;
#1057 = CARTESIAN_POINT ( 'NONE',  ( -0.03038495475406697080, -0.05709448818897639583, -0.09850000000000005973 ) ) ;
#1058 = CARTESIAN_POINT ( 'NONE',  ( -0.05000000000000000278, -0.06300000000000000044, -0.1060000000000000386 ) ) ;
#1059 = CARTESIAN_POINT ( 'NONE',  ( 0.06961818244494397123, -0.05709155785906511182, -0.09850000000000005973 ) ) ;
#1060 = ORIENTED_EDGE ( 'NONE', *, *, #1644, .T. ) ;
#1061 =( LENGTH_UNIT ( ) NAMED_UNIT ( * ) SI_UNIT ( $, .METRE. ) );
#1062 = ORIENTED_EDGE ( 'NONE', *, *, #1455, .T. ) ;
#1063 = EDGE_CURVE ( 'NONE', #1471, #1006, #389, .T. ) ;
#1064 = CARTESIAN_POINT ( 'NONE',  ( 0.07384848003542365813, -0.04730832660111022880, -0.1113013191301323729 ) ) ;
#1065 = EDGE_CURVE ( 'NONE', #936, #602, #2494, .T. ) ;
#1066 = LINE ( 'NONE', #1716, #1678 ) ;
#1067 = DIRECTION ( 'NONE',  ( -0.000000000000000000, 1.000000000000000000, -0.000000000000000000 ) ) ;
#1068 = ORIENTED_EDGE ( 'NONE', *, *, #2176, .T. ) ;
#1069 = EDGE_CURVE ( 'NONE', #2076, #986, #1651, .T. ) ;
#1070 = ORIENTED_EDGE ( 'NONE', *, *, #2307, .T. ) ;
#1071 = EDGE_LOOP ( 'NONE', ( #812, #199, #764, #1090 ) ) ;
#1072 = SURFACE_STYLE_FILL_AREA ( #894 ) ;
#1073 = AXIS2_PLACEMENT_3D ( 'NONE', #1032, #188, #1824 ) ;
#1074 = LINE ( 'NONE', #1692, #2338 ) ;
#1075 = CARTESIAN_POINT ( 'NONE',  ( 0.03038181755505602391, -0.05709155785906509101, -0.09850000000000005973 ) ) ;
#1076 = ORIENTED_EDGE ( 'NONE', *, *, #1995, .F. ) ;
#1077 = AXIS2_PLACEMENT_3D ( 'NONE', #1343, #2149, #1951 ) ;
#1078 = COLOUR_RGB ( '',1.000000000000000000, 1.000000000000000000, 1.000000000000000000 ) ;
#1079 = EDGE_CURVE ( 'NONE', #1535, #1391, #2101, .T. ) ;
#1080 = VERTEX_POINT ( 'NONE', #334 ) ;
#1081 = FACE_OUTER_BOUND ( 'NONE', #803, .T. ) ;
#1082 = ORIENTED_EDGE ( 'NONE', *, *, #395, .F. ) ;
#1083 = EDGE_CURVE ( 'NONE', #519, #587, #1159, .T. ) ;
#1084 = VECTOR ( 'NONE', #1458, 39.37007874015748854 ) ;
#1085 = EDGE_CURVE ( 'NONE', #2229, #109, #1543, .T. ) ;
#1086 = SURFACE_SIDE_STYLE ('',( #1072 ) ) ;
#1087 = COLOUR_RGB ( '',1.000000000000000000, 1.000000000000000000, 1.000000000000000000 ) ;
#1088 = EDGE_CURVE ( 'NONE', #2516, #1832, #683, .T. ) ;
#1089 = DIRECTION ( 'NONE',  ( 0.000000000000000000, 0.000000000000000000, 1.000000000000000000 ) ) ;
#1090 = ORIENTED_EDGE ( 'NONE', *, *, #1115, .T. ) ;
#1091 = EDGE_CURVE ( 'NONE', #2592, #2066, #903, .T. ) ;
#1092 = VERTEX_POINT ( 'NONE', #163 ) ;
#1093 =( CONVERSION_BASED_UNIT ( 'INCH', #2303 ) LENGTH_UNIT ( ) NAMED_UNIT ( #2141 ) );
#1094 = ORIENTED_EDGE ( 'NONE', *, *, #415, .F. ) ;
#1095 = AXIS2_PLACEMENT_3D ( 'NONE', #419, #2108, #1518 ) ;
#1096 = CARTESIAN_POINT ( 'NONE',  ( 0.06961818244494397123, -0.05709155785906511182, -0.09850000000000005973 ) ) ;
#1097 = FACE_OUTER_BOUND ( 'NONE', #2022, .T. ) ;
#1098 =( CONVERSION_BASED_UNIT ( 'INCH', #1216 ) LENGTH_UNIT ( ) NAMED_UNIT ( #2375 ) );
#1099 = FACE_OUTER_BOUND ( 'NONE', #2596, .T. ) ;
#1100 = CARTESIAN_POINT ( 'NONE',  ( 0.03038495475406697427, -0.05709448818897639583, -0.1135000000000000314 ) ) ;
#1101 =( NAMED_UNIT ( * ) PLANE_ANGLE_UNIT ( ) SI_UNIT ( $, .RADIAN. ) );
#1102 = SURFACE_SIDE_STYLE ('',( #290 ) ) ;
#1103 = FACE_OUTER_BOUND ( 'NONE', #1687, .T. ) ;
#1104 = ORIENTED_EDGE ( 'NONE', *, *, #2274, .F. ) ;
#1105 = VERTEX_POINT ( 'NONE', #2339 ) ;
#1106 = CARTESIAN_POINT ( 'NONE',  ( 0.05750000000000000250, -0.04557619047619072133, -0.08215151996457641104 ) ) ;
#1107 = EDGE_LOOP ( 'NONE', ( #2276, #2238, #631, #52 ) ) ;
#1108 = CARTESIAN_POINT ( 'NONE',  ( 0.06961818244494398511, -0.05709155785906510489, -0.1135000000000000314 ) ) ;
#1109 = CARTESIAN_POINT ( 'NONE',  ( -0.06961504524593303822, -0.05709448818897639583, -0.1135000000000000314 ) ) ;
#1110 = CIRCLE ( 'NONE', #2416, 0.02100293032991129918 ) ;
#1111 = EDGE_CURVE ( 'NONE', #214, #1781, #323, .T. ) ;
#1112 = VECTOR ( 'NONE', #2437, 39.37007874015748143 ) ;
#1113 = CARTESIAN_POINT ( 'NONE',  ( 0.08899999999999999578, 0.000000000000000000, 0.09899999999999994915 ) ) ;
#1114 = VERTEX_POINT ( 'NONE', #707 ) ;
#1115 = EDGE_CURVE ( 'NONE', #214, #2359, #530, .T. ) ;
#1116 = CIRCLE ( 'NONE', #1639, 0.02099999999999999437 ) ;
#1117 = CARTESIAN_POINT ( 'NONE',  ( 0.03038286328309106055, -0.05709253464102156256, -0.1135000000000000314 ) ) ;
#1118 = ORIENTED_EDGE ( 'NONE', *, *, #791, .F. ) ;
#1119 = PRESENTATION_LAYER_ASSIGNMENT (  '', '', ( #1798 ) ) ;
#1120 = ORIENTED_EDGE ( 'NONE', *, *, #1044, .T. ) ;
#1121 = CIRCLE ( 'NONE', #1842, 0.02100293032991129918 ) ;
#1122 = CARTESIAN_POINT ( 'NONE',  ( 0.05750000000000000250, -0.04499999999999999833, -0.1256150452459330602 ) ) ;
#1123 = ORIENTED_EDGE ( 'NONE', *, *, #472, .F. ) ;
#1124 =( NAMED_UNIT ( * ) PLANE_ANGLE_UNIT ( ) SI_UNIT ( $, .RADIAN. ) );
#1125 = CONICAL_SURFACE ( 'NONE', #1769, 0.02520000000000008344, 0.3340956062408719784 ) ;
#1126 = DIRECTION ( 'NONE',  ( -0.000000000000000000, 1.000000000000000000, -0.000000000000000000 ) ) ;
#1127 = VERTEX_POINT ( 'NONE', #2364 ) ;
#1128 = ORIENTED_EDGE ( 'NONE', *, *, #2429, .F. ) ;
#1129 = FILL_AREA_STYLE ('',( #536 ) ) ;
#1130 = CARTESIAN_POINT ( 'NONE',  ( 0.06961504524593303822, -0.05709448818897639583, -0.09850000000000005973 ) ) ;
#1131 = ORIENTED_EDGE ( 'NONE', *, *, #1338, .T. ) ;
#1132 = FACE_OUTER_BOUND ( 'NONE', #220, .T. ) ;
#1133 = COLOUR_RGB ( '',1.000000000000000000, 1.000000000000000000, 1.000000000000000000 ) ;
#1134 = DIRECTION ( 'NONE',  ( 0.000000000000000000, 0.000000000000000000, -1.000000000000000000 ) ) ;
#1135 = VERTEX_POINT ( 'NONE', #758 ) ;
#1136 = DIRECTION ( 'NONE',  ( 0.000000000000000000, 0.000000000000000000, 1.000000000000000000 ) ) ;
#1137 = PRODUCT_DEFINITION_CONTEXT ( 'detailed design', #2402, 'design' ) ;
#1138 = ORIENTED_EDGE ( 'NONE', *, *, #1358, .T. ) ;
#1139 = ADVANCED_FACE ( 'NONE', ( #1983 ), #1580, .T. ) ;
#1140 = CYLINDRICAL_SURFACE ( 'NONE', #722, 0.02099999999999999437 ) ;
#1141 = CARTESIAN_POINT ( 'NONE',  ( 0.05000000000000000278, -0.04889366465985112847, -0.08215151996457641104 ) ) ;
#1142 = UNCERTAINTY_MEASURE_WITH_UNIT (LENGTH_MEASURE( 1.000000000000000082E-05 ), #437, 'distance_accuracy_value', 'NONE');
#1143 = ORIENTED_EDGE ( 'NONE', *, *, #2519, .T. ) ;
#1144 = LENGTH_MEASURE_WITH_UNIT ( LENGTH_MEASURE( 0.02539999999999999897 ), #1965 );
#1145 = PLANE ( 'NONE',  #2125 ) ;
#1146 = DIRECTION ( 'NONE',  ( 0.000000000000000000, -1.000000000000000000, 0.000000000000000000 ) ) ;
#1147 =( LENGTH_UNIT ( ) NAMED_UNIT ( * ) SI_UNIT ( $, .METRE. ) );
#1148 = COLOUR_RGB ( '',1.000000000000000000, 1.000000000000000000, 1.000000000000000000 ) ;
#1149 = CARTESIAN_POINT ( 'NONE',  ( 0.02615151996457637865, -0.04557619047619075603, -0.09850000000000005973 ) ) ;
#1150 =( CONVERSION_BASED_UNIT ( 'INCH', #108 ) LENGTH_UNIT ( ) NAMED_UNIT ( #2156 ) );
#1151 = ORIENTED_EDGE ( 'NONE', *, *, #669, .F. ) ;
#1152 = CARTESIAN_POINT ( 'NONE',  ( -0.05749999999999999556, -0.04557619047619073521, -0.08215151996457641104 ) ) ;
#1153 = VECTOR ( 'NONE', #952, 39.37007874015748143 ) ;
#1154 = ORIENTED_EDGE ( 'NONE', *, *, #1681, .F. ) ;
#1155 = DIRECTION ( 'NONE',  ( -0.000000000000000000, 1.000000000000000000, -0.000000000000000000 ) ) ;
#1156 = VECTOR ( 'NONE', #688, 39.37007874015748143 ) ;
#1157 = CARTESIAN_POINT ( 'NONE',  ( 0.02615151996457637865, -0.04741188307060058976, -0.1113760581552282747 ) ) ;
#1158 = DIMENSIONAL_EXPONENTS ( 1.000000000000000000, 0.000000000000000000, 0.000000000000000000, 0.000000000000000000, 0.000000000000000000, 0.000000000000000000, 0.000000000000000000 ) ;
#1159 = LINE ( 'NONE', #2547, #1420 ) ;
#1160 = DIRECTION ( 'NONE',  ( 1.000000000000000000, 0.000000000000000000, 0.000000000000000000 ) ) ;
#1161 = VECTOR ( 'NONE', #1493, 39.37007874015748143 ) ;
#1162 = SURFACE_STYLE_USAGE ( .BOTH. , #364 ) ;
#1163 = ORIENTED_EDGE ( 'NONE', *, *, #1485, .F. ) ;
#1164 = CARTESIAN_POINT ( 'NONE',  ( -0.04250000000000000999, 0.000000000000000000, -0.08215151996457641104 ) ) ;
#1165 = MANIFOLD_SOLID_BREP ( 'Light Pipe', #2100 ) ;
#1166 = SURFACE_STYLE_USAGE ( .BOTH. , #399 ) ;
#1167 =( CONVERSION_BASED_UNIT ( 'INCH', #1178 ) LENGTH_UNIT ( ) NAMED_UNIT ( #2210 ) );
#1168 = UNCERTAINTY_MEASURE_WITH_UNIT (LENGTH_MEASURE( 1.000000000000000082E-05 ), #1167, 'distance_accuracy_value', 'NONE');
#1169 = ORIENTED_EDGE ( 'NONE', *, *, #2191, .T. ) ;
#1170 = SURFACE_STYLE_FILL_AREA ( #1767 ) ;
#1171 = CARTESIAN_POINT ( 'NONE',  ( 0.04250000000000001693, -0.05709448818897639583, -0.08638495475406700319 ) ) ;
#1172 = LENGTH_MEASURE_WITH_UNIT ( LENGTH_MEASURE( 0.02539999999999999897 ), #2153 );
#1173 = SURFACE_STYLE_FILL_AREA ( #1971 ) ;
#1174 = PRESENTATION_STYLE_ASSIGNMENT (( #204 ) ) ;
#1175 = CARTESIAN_POINT ( 'NONE',  ( 0.1000000000000000056, 0.000000000000000000, -0.1298484800354236801 ) ) ;
#1176 = ORIENTED_EDGE ( 'NONE', *, *, #1012, .F. ) ;
#1177 = LINE ( 'NONE', #355, #2120 ) ;
#1178 = LENGTH_MEASURE_WITH_UNIT ( LENGTH_MEASURE( 0.02539999999999999897 ), #287 );
#1179 = VERTEX_POINT ( 'NONE', #147 ) ;
#1180 = FACE_OUTER_BOUND ( 'NONE', #544, .T. ) ;
#1181 = LINE ( 'NONE', #2021, #2043 ) ;
#1182 = PLANE ( 'NONE',  #1547 ) ;
#1183 = DIRECTION ( 'NONE',  ( 0.000000000000000000, 1.000000000000000000, 0.000000000000000000 ) ) ;
#1184 = EDGE_CURVE ( 'NONE', #754, #2438, #818, .T. ) ;
#1185 = CARTESIAN_POINT ( 'NONE',  ( -0.05749999999999999556, -0.05709155785906511182, -0.08638181755505607018 ) ) ;
#1186 = CARTESIAN_POINT ( 'NONE',  ( 0.000000000000000000, 0.000000000000000000, 0.000000000000000000 ) ) ;
#1187 = STYLED_ITEM ( 'NONE', ( #1862 ), #499 ) ;
#1188 = ORIENTED_EDGE ( 'NONE', *, *, #1272, .F. ) ;
#1189 = ADVANCED_FACE ( 'NONE', ( #2167 ), #862, .T. ) ;
#1190 = DIRECTION ( 'NONE',  ( -0.000000000000000000, 0.000000000000000000, 1.000000000000000000 ) ) ;
#1191 = VECTOR ( 'NONE', #1797, 39.37007874015748143 ) ;
#1192 = FACE_OUTER_BOUND ( 'NONE', #1298, .T. ) ;
#1193 = DIMENSIONAL_EXPONENTS ( 1.000000000000000000, 0.000000000000000000, 0.000000000000000000, 0.000000000000000000, 0.000000000000000000, 0.000000000000000000, 0.000000000000000000 ) ;
#1194 = ORIENTED_EDGE ( 'NONE', *, *, #1393, .T. ) ;
#1195 = VECTOR ( 'NONE', #2192, 39.37007874015748143 ) ;
#1196 = CARTESIAN_POINT ( 'NONE',  ( 0.08899999999999999578, 0.05999999999999997696, -0.07000000000000000666 ) ) ;
#1197 = VECTOR ( 'NONE', #2337, 39.37007874015748143 ) ;
#1198 = LINE ( 'NONE', #373, #562 ) ;
#1199 = ORIENTED_EDGE ( 'NONE', *, *, #2191, .F. ) ;
#1200 = AXIS2_PLACEMENT_3D ( 'NONE', #2199, #900, #1506 ) ;
#1201 = CARTESIAN_POINT ( 'NONE',  ( 0.04250000000000001693, -0.04499999999999999833, -0.08215151996457641104 ) ) ;
#1202 = VECTOR ( 'NONE', #335, 39.37007874015748143 ) ;
#1203 = FILL_AREA_STYLE ('',( #391 ) ) ;
#1204 = AXIS2_PLACEMENT_3D ( 'NONE', #2293, #705, #571 ) ;
#1205 = DIRECTION ( 'NONE',  ( 0.000000000000000000, 0.000000000000000000, -1.000000000000000000 ) ) ;
#1206 = COLOUR_RGB ( '',0.7921568627450980005, 0.8196078431372548767, 0.9333333333333333481 ) ;
#1207 = EDGE_LOOP ( 'NONE', ( #267, #1316, #2099, #105 ) ) ;
#1208 = CARTESIAN_POINT ( 'NONE',  ( -0.04250000000000000999, -0.04557619047619072133, -0.1298484800354236801 ) ) ;
#1209 = DIRECTION ( 'NONE',  ( 0.000000000000000000, 0.000000000000000000, 1.000000000000000000 ) ) ;
#1210 = CARTESIAN_POINT ( 'NONE',  ( 0.04250000000000001693, -0.05709155785906509101, -0.1256181824449440210 ) ) ;
#1211 = ORIENTED_EDGE ( 'NONE', *, *, #1496, .T. ) ;
#1212 = CARTESIAN_POINT ( 'NONE',  ( -0.02615151996457636130, -0.04557619047619070746, -0.09850000000000005973 ) ) ;
#1213 = ADVANCED_FACE ( 'NONE', ( #2033 ), #804, .T. ) ;
#1214 = VERTEX_POINT ( 'NONE', #240 ) ;
#1215 = CARTESIAN_POINT ( 'NONE',  ( 0.000000000000000000, 0.1499999999999999667, 0.1989999999999999825 ) ) ;
#1216 = LENGTH_MEASURE_WITH_UNIT ( LENGTH_MEASURE( 0.02539999999999999897 ), #1429 );
#1217 =( GEOMETRIC_REPRESENTATION_CONTEXT ( 3 ) GLOBAL_UNCERTAINTY_ASSIGNED_CONTEXT ( ( #991 ) ) GLOBAL_UNIT_ASSIGNED_CONTEXT ( ( #363, #2599, #606 ) ) REPRESENTATION_CONTEXT ( 'NONE', 'WORKASPACE' ) );
#1218 = DIRECTION ( 'NONE',  ( -0.000000000000000000, 1.000000000000000000, -0.000000000000000000 ) ) ;
#1219 = PRODUCT_CONTEXT ( 'NONE', #2295, 'mechanical' ) ;
#1220 = VERTEX_POINT ( 'NONE', #1057 ) ;
#1221 = LENGTH_MEASURE_WITH_UNIT ( LENGTH_MEASURE( 0.02539999999999999897 ), #796 );
#1222 = EDGE_CURVE ( 'NONE', #1135, #997, #2024, .T. ) ;
#1223 = ORIENTED_EDGE ( 'NONE', *, *, #1184, .T. ) ;
#1224 = CARTESIAN_POINT ( 'NONE',  ( -0.04250000000000000999, -0.05709448818897639583, -0.1256150452459330602 ) ) ;
#1225 =( NAMED_UNIT ( * ) PLANE_ANGLE_UNIT ( ) SI_UNIT ( $, .RADIAN. ) );
#1226 = ORIENTED_EDGE ( 'NONE', *, *, #607, .F. ) ;
#1227 = EDGE_CURVE ( 'NONE', #2536, #371, #775, .T. ) ;
#1228 =( NAMED_UNIT ( * ) PLANE_ANGLE_UNIT ( ) SI_UNIT ( $, .RADIAN. ) );
#1229 = CARTESIAN_POINT ( 'NONE',  ( 0.08899999999999999578, 0.2099999999999999367, 0.04992642805504871051 ) ) ;
#1230 = LINE ( 'NONE', #911, #841 ) ;
#1231 = CARTESIAN_POINT ( 'NONE',  ( 0.05000000000000000278, 0.000000000000000000, -0.1060000000000000386 ) ) ;
#1232 = EDGE_LOOP ( 'NONE', ( #2398, #672, #490, #737, #2183, #1223, #1151, #1226, #2568, #2119, #1851, #635, #1261, #133, #2150, #503 ) ) ;
#1233 = STYLED_ITEM ( 'NONE', ( #845 ), #450 ) ;
#1234 = PLANE ( 'NONE',  #611 ) ;
#1235 = VERTEX_POINT ( 'NONE', #1396 ) ;
#1236 = CARTESIAN_POINT ( 'NONE',  ( -0.04250000000000000999, -0.05709155785906511182, -0.1256181824449440210 ) ) ;
#1237 =( GEOMETRIC_REPRESENTATION_CONTEXT ( 3 ) GLOBAL_UNCERTAINTY_ASSIGNED_CONTEXT ( ( #2591 ) ) GLOBAL_UNIT_ASSIGNED_CONTEXT ( ( #2368, #1938, #125 ) ) REPRESENTATION_CONTEXT ( 'NONE', 'WORKASPACE' ) );
#1238 = VECTOR ( 'NONE', #670, 39.37007874015748143 ) ;
#1239 = EDGE_LOOP ( 'NONE', ( #1823, #70, #1070, #1068 ) ) ;
#1240 = VECTOR ( 'NONE', #2532, 39.37007874015748143 ) ;
#1241 = CARTESIAN_POINT ( 'NONE',  ( 0.05000000000000000278, -0.04499999999999999833, -0.1060000000000000386 ) ) ;
#1242 = CARTESIAN_POINT ( 'NONE',  ( -0.05000000000000000278, -0.05709448818897639583, -0.1060000000000000386 ) ) ;
#1243 = CARTESIAN_POINT ( 'NONE',  ( 0.02895738475843632337, -0.05325839808708392881, -0.09850000000000005973 ) ) ;
#1244 = CONICAL_SURFACE ( 'NONE', #394, 0.02520000000000008344, 0.3340956062408719784 ) ;
#1245 = LINE ( 'NONE', #2012, #298 ) ;
#1246 = ORIENTED_EDGE ( 'NONE', *, *, #107, .F. ) ;
#1247 = AXIS2_PLACEMENT_3D ( 'NONE', #1242, #40, #835 ) ;
#1248 = VECTOR ( 'NONE', #1834, 39.37007874015748143 ) ;
#1249 = SURFACE_STYLE_FILL_AREA ( #438 ) ;
#1250 = UNCERTAINTY_MEASURE_WITH_UNIT (LENGTH_MEASURE( 1.000000000000000082E-05 ), #130, 'distance_accuracy_value', 'NONE');
#1251 = VERTEX_POINT ( 'NONE', #819 ) ;
#1252 = SURFACE_STYLE_FILL_AREA ( #1608 ) ;
#1253 = DIRECTION ( 'NONE',  ( -0.000000000000000000, 0.000000000000000000, 1.000000000000000000 ) ) ;
#1254 = ORIENTED_EDGE ( 'NONE', *, *, #1711, .F. ) ;
#1255 = CARTESIAN_POINT ( 'NONE',  ( -0.03038286328309105361, -0.05709253464102156256, -0.1135000000000000314 ) ) ;
#1256 = LENGTH_MEASURE_WITH_UNIT ( LENGTH_MEASURE( 0.02539999999999999897 ), #1679 );
#1257 = EDGE_CURVE ( 'NONE', #1080, #1482, #1024, .T. ) ;
#1258 = DIRECTION ( 'NONE',  ( 0.000000000000000000, 1.000000000000000000, 0.000000000000000000 ) ) ;
#1259 = ORIENTED_EDGE ( 'NONE', *, *, #2408, .F. ) ;
#1260 = STYLED_ITEM ( 'NONE', ( #778 ), #76 ) ;
#1261 = ORIENTED_EDGE ( 'NONE', *, *, #10, .T. ) ;
#1262 = SURFACE_SIDE_STYLE ('',( #441 ) ) ;
#1263 = ORIENTED_EDGE ( 'NONE', *, *, #2519, .F. ) ;
#1264 = DIRECTION ( 'NONE',  ( 0.000000000000000000, 0.9447072601477117804, 0.3279149167454924463 ) ) ;
#1265 = LINE ( 'NONE', #2292, #821 ) ;
#1266 = EDGE_CURVE ( 'NONE', #986, #702, #390, .T. ) ;
#1267 = LINE ( 'NONE', #289, #727 ) ;
#1268 = EDGE_CURVE ( 'NONE', #388, #1528, #191, .T. ) ;
#1269 = ORIENTED_EDGE ( 'NONE', *, *, #1227, .F. ) ;
#1270 = ADVANCED_FACE ( 'NONE', ( #374 ), #1182, .T. ) ;
#1271 = CARTESIAN_POINT ( 'NONE',  ( -0.07384848003542363037, -0.04499999999999999833, 0.000000000000000000 ) ) ;
#1272 = EDGE_CURVE ( 'NONE', #702, #971, #1265, .T. ) ;
#1273 = ORIENTED_EDGE ( 'NONE', *, *, #1811, .F. ) ;
#1274 = DIRECTION ( 'NONE',  ( 0.000000000000000000, 1.000000000000000000, 0.000000000000000000 ) ) ;
#1275 = VECTOR ( 'NONE', #1274, 39.37007874015748143 ) ;
#1276 = EDGE_CURVE ( 'NONE', #1114, #1031, #86, .T. ) ;
#1277 = AXIS2_PLACEMENT_3D ( 'NONE', #1662, #36, #674 ) ;
#1278 = SURFACE_STYLE_USAGE ( .BOTH. , #467 ) ;
#1279 = STYLED_ITEM ( 'NONE', ( #2597 ), #1270 ) ;
#1280 = FACE_BOUND ( 'NONE', #1847, .T. ) ;
#1281 = VECTOR ( 'NONE', #1538, 39.37007874015748143 ) ;
#1282 =( NAMED_UNIT ( * ) PLANE_ANGLE_UNIT ( ) SI_UNIT ( $, .RADIAN. ) );
#1283 = ORIENTED_EDGE ( 'NONE', *, *, #478, .T. ) ;
#1284 =( GEOMETRIC_REPRESENTATION_CONTEXT ( 3 ) GLOBAL_UNCERTAINTY_ASSIGNED_CONTEXT ( ( #341 ) ) GLOBAL_UNIT_ASSIGNED_CONTEXT ( ( #626, #1282, #1297 ) ) REPRESENTATION_CONTEXT ( 'NONE', 'WORKASPACE' ) );
#1285 = DIRECTION ( 'NONE',  ( -0.000000000000000000, -0.000000000000000000, -1.000000000000000000 ) ) ;
#1286 = ORIENTED_EDGE ( 'NONE', *, *, #1896, .F. ) ;
#1287 = CARTESIAN_POINT ( 'NONE',  ( 0.05000000000000000278, -0.05709155785906511182, -0.1060000000000000386 ) ) ;
#1288 = ORIENTED_EDGE ( 'NONE', *, *, #1520, .T. ) ;
#1289 = MECHANICAL_DESIGN_GEOMETRIC_PRESENTATION_REPRESENTATION (  '', ( #1514 ), #155 ) ;
#1290 = CARTESIAN_POINT ( 'NONE',  ( -0.05749999999999999556, -0.05709155785906509101, -0.1256181824449440210 ) ) ;
#1291 = FILL_AREA_STYLE_COLOUR ( '', #1833 ) ;
#1292 = PRESENTATION_LAYER_ASSIGNMENT (  '', '', ( #1846 ) ) ;
#1293 =( LENGTH_UNIT ( ) NAMED_UNIT ( * ) SI_UNIT ( $, .METRE. ) );
#1294 = CARTESIAN_POINT ( 'NONE',  ( 0.05000000000000000278, 0.000000000000000000, -0.1060000000000000386 ) ) ;
#1295 = FILL_AREA_STYLE ('',( #768 ) ) ;
#1296 = DIRECTION ( 'NONE',  ( 0.000000000000000000, 1.000000000000000000, 0.000000000000000000 ) ) ;
#1297 =( NAMED_UNIT ( * ) SI_UNIT ( $, .STERADIAN. ) SOLID_ANGLE_UNIT ( ) );
#1298 = EDGE_LOOP ( 'NONE', ( #1854, #839, #878, #2257, #1795, #2475, #2282, #2002, #1766, #750, #81, #1118 ) ) ;
#1299 = LINE ( 'NONE', #1686, #656 ) ;
#1300 = ORIENTED_EDGE ( 'NONE', *, *, #1276, .F. ) ;
#1301 = CIRCLE ( 'NONE', #1095, 0.02100293032991129918 ) ;
#1302 = ADVANCED_FACE ( 'NONE', ( #1099 ), #49, .T. ) ;
#1303 = FACE_OUTER_BOUND ( 'NONE', #422, .T. ) ;
#1304 = CARTESIAN_POINT ( 'NONE',  ( 0.05000000000000000278, -0.06300000000000000044, -0.1060000000000000386 ) ) ;
#1305 = CARTESIAN_POINT ( 'NONE',  ( 0.03038181755505602391, -0.05709155785906509101, -0.09850000000000005973 ) ) ;
#1306 = CARTESIAN_POINT ( 'NONE',  ( -0.03038390901609398786, -0.05709351141765946908, -0.1135000000000000314 ) ) ;
#1307 = EDGE_CURVE ( 'NONE', #45, #1235, #1466, .T. ) ;
#1308 = DIRECTION ( 'NONE',  ( -1.000000000000000000, -0.000000000000000000, -0.000000000000000000 ) ) ;
#1309 = FACE_OUTER_BOUND ( 'NONE', #1344, .T. ) ;
#1310 = ORIENTED_EDGE ( 'NONE', *, *, #2131, .T. ) ;
#1311 = SURFACE_STYLE_USAGE ( .BOTH. , #500 ) ;
#1312 = ORIENTED_EDGE ( 'NONE', *, *, #1362, .T. ) ;
#1313 = DIRECTION ( 'NONE',  ( 8.659560562354947649E-17, 0.7071067811865462405, -0.7071067811865487940 ) ) ;
#1314 = ORIENTED_EDGE ( 'NONE', *, *, #375, .F. ) ;
#1315 = CARTESIAN_POINT ( 'NONE',  ( 0.05277337840771586380, -0.04852391958048676845, -0.08215151996457642491 ) ) ;
#1316 = ORIENTED_EDGE ( 'NONE', *, *, #1065, .T. ) ;
#1317 = EDGE_CURVE ( 'NONE', #788, #2329, #1879, .T. ) ;
#1318 = CARTESIAN_POINT ( 'NONE',  ( -0.05750000000000000250, -0.04499999999999999833, -0.1298484800354236801 ) ) ;
#1319 = CARTESIAN_POINT ( 'NONE',  ( -0.08899999999999998190, 0.2017157287525380149, 0.04297509910673080746 ) ) ;
#1320 = VECTOR ( 'NONE', #425, 39.37007874015748143 ) ;
#1321 = PRESENTATION_LAYER_ASSIGNMENT (  '', '', ( #2419 ) ) ;
#1322 = DIRECTION ( 'NONE',  ( -0.000000000000000000, -0.000000000000000000, -1.000000000000000000 ) ) ;
#1323 = CARTESIAN_POINT ( 'NONE',  ( -0.07245021632821477264, -0.04941897348264883555, -0.1135000000000000314 ) ) ;
#1324 = PRESENTATION_STYLE_ASSIGNMENT (( #2113 ) ) ;
#1325 =( GEOMETRIC_REPRESENTATION_CONTEXT ( 3 ) GLOBAL_UNCERTAINTY_ASSIGNED_CONTEXT ( ( #1988 ) ) GLOBAL_UNIT_ASSIGNED_CONTEXT ( ( #2031, #1225, #1009 ) ) REPRESENTATION_CONTEXT ( 'NONE', 'WORKASPACE' ) );
#1326 = EDGE_CURVE ( 'NONE', #1352, #16, #1066, .T. ) ;
#1327 = ORIENTED_EDGE ( 'NONE', *, *, #43, .F. ) ;
#1328 = COLOUR_RGB ( '',1.000000000000000000, 1.000000000000000000, 1.000000000000000000 ) ;
#1329 = LENGTH_MEASURE_WITH_UNIT ( LENGTH_MEASURE( 0.02539999999999999897 ), #136 );
#1330 = ORIENTED_EDGE ( 'NONE', *, *, #2195, .F. ) ;
#1331 = DIRECTION ( 'NONE',  ( 0.000000000000000000, -0.000000000000000000, -1.000000000000000000 ) ) ;
#1332 = DIMENSIONAL_EXPONENTS ( 1.000000000000000000, 0.000000000000000000, 0.000000000000000000, 0.000000000000000000, 0.000000000000000000, 0.000000000000000000, 0.000000000000000000 ) ;
#1333 = ORIENTED_EDGE ( 'NONE', *, *, #883, .F. ) ;
#1334 = CARTESIAN_POINT ( 'NONE',  ( -0.05000000000000000278, -0.05709448818897639583, -0.1060000000000000386 ) ) ;
#1335 = CARTESIAN_POINT ( 'NONE',  ( -0.08899999999999999578, 0.09099999999999999756, -0.04992642805504871051 ) ) ;
#1336 = CARTESIAN_POINT ( 'NONE',  ( 0.04462379556916529905, -0.04741175664668353940, -0.1298484800354237079 ) ) ;
#1337 = CARTESIAN_POINT ( 'NONE',  ( -0.08899999999999999578, 0.1899999999999999467, 0.03314443543150291660 ) ) ;
#1338 = EDGE_CURVE ( 'NONE', #16, #1985, #605, .T. ) ;
#1339 = VERTEX_POINT ( 'NONE', #692 ) ;
#1340 = DIRECTION ( 'NONE',  ( -0.000000000000000000, -1.000000000000000000, 0.000000000000000000 ) ) ;
#1341 = ORIENTED_EDGE ( 'NONE', *, *, #843, .F. ) ;
#1342 = SURFACE_SIDE_STYLE ('',( #157 ) ) ;
#1343 = CARTESIAN_POINT ( 'NONE',  ( -0.05000000000000000278, -0.05709155785906511182, -0.1060000000000000386 ) ) ;
#1344 = EDGE_LOOP ( 'NONE', ( #1486, #712, #2557, #1660 ) ) ;
#1345 = CARTESIAN_POINT ( 'NONE',  ( -0.03038286328309105708, -0.05709253464102156256, -0.09850000000000005973 ) ) ;
#1346 = B_SPLINE_CURVE_WITH_KNOTS ( 'NONE', 3,
 ( #2216, #797, #4, #1210 ),
 .UNSPECIFIED., .F., .F.,
 ( 4, 4 ),
 ( 0.000000000000000000, 1.090392476413093674E-07 ),
 .UNSPECIFIED. ) ;
#1347 = COLOUR_RGB ( '',1.000000000000000000, 1.000000000000000000, 1.000000000000000000 ) ;
#1348 = CARTESIAN_POINT ( 'NONE',  ( 0.07384848003542364425, 0.000000000000000000, -0.1135000000000000314 ) ) ;
#1349 = DIMENSIONAL_EXPONENTS ( 1.000000000000000000, 0.000000000000000000, 0.000000000000000000, 0.000000000000000000, 0.000000000000000000, 0.000000000000000000, 0.000000000000000000 ) ;
#1350 = SURFACE_STYLE_USAGE ( .BOTH. , #2126 ) ;
#1351 = LINE ( 'NONE', #2154, #1202 ) ;
#1352 = VERTEX_POINT ( 'NONE', #1519 ) ;
#1353 = EDGE_CURVE ( 'NONE', #1391, #1105, #2308, .T. ) ;
#1354 = DIRECTION ( 'NONE',  ( 0.000000000000000000, 0.000000000000000000, 1.000000000000000000 ) ) ;
#1355 = EDGE_CURVE ( 'NONE', #788, #2592, #2271, .T. ) ;
#1356 = ORIENTED_EDGE ( 'NONE', *, *, #1705, .T. ) ;
#1357 = FACE_OUTER_BOUND ( 'NONE', #614, .T. ) ;
#1358 = EDGE_CURVE ( 'NONE', #1179, #1840, #1116, .T. ) ;
#1359 = CARTESIAN_POINT ( 'NONE',  ( 0.03038495475406697427, -0.05709448818897639583, -0.09850000000000005973 ) ) ;
#1360 = EDGE_LOOP ( 'NONE', ( #2158, #1029 ) ) ;
#1361 = LENGTH_MEASURE_WITH_UNIT ( LENGTH_MEASURE( 0.02539999999999999897 ), #2352 );
#1362 = EDGE_CURVE ( 'NONE', #2578, #20, #885, .T. ) ;
#1363 = CONICAL_SURFACE ( 'NONE', #2205, 0.02520000000000008344, 0.3340956062408719784 ) ;
#1364 =( NAMED_UNIT ( * ) PLANE_ANGLE_UNIT ( ) SI_UNIT ( $, .RADIAN. ) );
#1365 = SURFACE_STYLE_USAGE ( .BOTH. , #736 ) ;
#1366 = DIRECTION ( 'NONE',  ( 0.000000000000000000, 0.000000000000000000, -1.000000000000000000 ) ) ;
#1367 = VECTOR ( 'NONE', #924, 39.37007874015748143 ) ;
#1368 = DIMENSIONAL_EXPONENTS ( 1.000000000000000000, 0.000000000000000000, 0.000000000000000000, 0.000000000000000000, 0.000000000000000000, 0.000000000000000000, 0.000000000000000000 ) ;
#1369 = DIRECTION ( 'NONE',  ( -0.000000000000000000, 0.000000000000000000, 1.000000000000000000 ) ) ;
#1370 = VECTOR ( 'NONE', #381, 39.37007874015748143 ) ;
#1371 = PRESENTATION_STYLE_ASSIGNMENT (( #567 ) ) ;
#1372 = MECHANICAL_DESIGN_GEOMETRIC_PRESENTATION_REPRESENTATION (  '', ( #901 ), #2545 ) ;
#1373 = CARTESIAN_POINT ( 'NONE',  ( -0.07384848003542363037, 0.000000000000000000, -0.09850000000000005973 ) ) ;
#1374 = ORIENTED_EDGE ( 'NONE', *, *, #171, .F. ) ;
#1375 = FACE_OUTER_BOUND ( 'NONE', #380, .T. ) ;
#1376 =( GEOMETRIC_REPRESENTATION_CONTEXT ( 3 ) GLOBAL_UNCERTAINTY_ASSIGNED_CONTEXT ( ( #1142 ) ) GLOBAL_UNIT_ASSIGNED_CONTEXT ( ( #437, #1101, #917 ) ) REPRESENTATION_CONTEXT ( 'NONE', 'WORKASPACE' ) );
#1377 = B_SPLINE_CURVE_WITH_KNOTS ( 'NONE', 3,
 ( #524, #560, #2531, #1980, #2121, #161 ),
 .UNSPECIFIED., .F., .F.,
 ( 4, 2, 4 ),
 ( 3.395174071510498901E-05, 0.0001397639085545601418, 0.0002455760763940152539 ),
 .UNSPECIFIED. ) ;
#1378 = LINE ( 'NONE', #926, #1197 ) ;
#1379 = CIRCLE ( 'NONE', #2221, 0.02099999999999999437 ) ;
#1380 = DIRECTION ( 'NONE',  ( 1.000000000000000000, -0.000000000000000000, 0.000000000000000000 ) ) ;
#1381 = PLANE ( 'NONE',  #1427 ) ;
#1382 = FILL_AREA_STYLE ('',( #760 ) ) ;
#1383 =( GEOMETRIC_REPRESENTATION_CONTEXT ( 3 ) GLOBAL_UNCERTAINTY_ASSIGNED_CONTEXT ( ( #1572 ) ) GLOBAL_UNIT_ASSIGNED_CONTEXT ( ( #516, #435, #421 ) ) REPRESENTATION_CONTEXT ( 'NONE', 'WORKASPACE' ) );
#1384 = DIRECTION ( 'NONE',  ( 0.000000000000000000, 0.000000000000000000, 1.000000000000000000 ) ) ;
#1385 = APPLICATION_PROTOCOL_DEFINITION ( 'draft international standard', 'automotive_design', 1998, #2295 ) ;
#1386 = VERTEX_POINT ( 'NONE', #2070 ) ;
#1387 = LINE ( 'NONE', #581, #1191 ) ;
#1388 = CARTESIAN_POINT ( 'NONE',  ( -0.05750000000000000250, -0.05325839808708392881, -0.1270426152415637389 ) ) ;
#1389 = CYLINDRICAL_SURFACE ( 'NONE', #2261, 0.02000000000000000042 ) ;
#1390 = DIMENSIONAL_EXPONENTS ( 1.000000000000000000, 0.000000000000000000, 0.000000000000000000, 0.000000000000000000, 0.000000000000000000, 0.000000000000000000, 0.000000000000000000 ) ;
#1391 = VERTEX_POINT ( 'NONE', #1699 ) ;
#1392 = CARTESIAN_POINT ( 'NONE',  ( -0.07245021632821474489, -0.04941897348264882167, -0.09850000000000005973 ) ) ;
#1393 = EDGE_CURVE ( 'NONE', #905, #2528, #1074, .T. ) ;
#1394 = FILL_AREA_STYLE_COLOUR ( '', #686 ) ;
#1395 = PRESENTATION_LAYER_ASSIGNMENT (  '', '', ( #2525 ) ) ;
#1396 = CARTESIAN_POINT ( 'NONE',  ( -0.08899999999999999578, 0.000000000000000000, 0.09899999999999994915 ) ) ;
#1397 = ADVANCED_FACE ( 'NONE', ( #2482 ), #668, .T. ) ;
#1398 = DIRECTION ( 'NONE',  ( 0.000000000000000000, -1.000000000000000000, 0.000000000000000000 ) ) ;
#1399 =( NAMED_UNIT ( * ) SI_UNIT ( $, .STERADIAN. ) SOLID_ANGLE_UNIT ( ) );
#1400 = DIRECTION ( 'NONE',  ( 1.000000000000000000, -0.000000000000000000, 0.000000000000000000 ) ) ;
#1401 = ORIENTED_EDGE ( 'NONE', *, *, #1887, .T. ) ;
#1402 = CARTESIAN_POINT ( 'NONE',  ( 0.07384848003542364425, -0.04557619047619070746, -0.1135000000000000314 ) ) ;
#1403 = CARTESIAN_POINT ( 'NONE',  ( -0.05750000000000000250, -0.04941897348264880085, -0.1284502163282147946 ) ) ;
#1404 = CARTESIAN_POINT ( 'NONE',  ( 0.03038286328309105361, -0.05709253464102155562, -0.09850000000000005973 ) ) ;
#1405 = ORIENTED_EDGE ( 'NONE', *, *, #1085, .F. ) ;
#1406 = CARTESIAN_POINT ( 'NONE',  ( 0.04250000000000000999, -0.04557619047619072133, -0.1298484800354236801 ) ) ;
#1407 = CARTESIAN_POINT ( 'NONE',  ( 0.02615151996457637865, -0.04889380087786041745, -0.1031888701204275172 ) ) ;
#1408 = ORIENTED_EDGE ( 'NONE', *, *, #1079, .F. ) ;
#1409 = EDGE_CURVE ( 'NONE', #2172, #936, #772, .T. ) ;
#1410 = B_SPLINE_CURVE_WITH_KNOTS ( 'NONE', 3,
 ( #1942, #2543, #1345, #2151 ),
 .UNSPECIFIED., .F., .F.,
 ( 4, 4 ),
 ( 0.000000000000000000, 1.090392476410925667E-07 ),
 .UNSPECIFIED. ) ;
#1411 = LENGTH_MEASURE_WITH_UNIT ( LENGTH_MEASURE( 0.02539999999999999897 ), #1039 );
#1412 = FACE_OUTER_BOUND ( 'NONE', #1976, .T. ) ;
#1413 = CARTESIAN_POINT ( 'NONE',  ( 0.05750000000000000250, -0.05709351141765946908, -0.08638390901609403760 ) ) ;
#1414 = CONICAL_SURFACE ( 'NONE', #2372, 0.02099999999999999437, 0.7853981633974501664 ) ;
#1415 = ORIENTED_EDGE ( 'NONE', *, *, #179, .T. ) ;
#1416 = CARTESIAN_POINT ( 'NONE',  ( 0.04356029901587709502, -0.04649259176848447722, -0.08215151996457641104 ) ) ;
#1417 = MECHANICAL_DESIGN_GEOMETRIC_PRESENTATION_REPRESENTATION (  '', ( #2419 ), #1237 ) ;
#1418 = SURFACE_STYLE_USAGE ( .BOTH. , #2200 ) ;
#1419 = EDGE_LOOP ( 'NONE', ( #1624, #2334, #1401, #944, #9, #871, #512, #1952, #187, #475, #1694, #498 ) ) ;
#1420 = VECTOR ( 'NONE', #1380, 39.37007874015748143 ) ;
#1421 = DIRECTION ( 'NONE',  ( 0.000000000000000000, 0.000000000000000000, 1.000000000000000000 ) ) ;
#1422 = VECTOR ( 'NONE', #465, 39.37007874015748143 ) ;
#1423 = CARTESIAN_POINT ( 'NONE',  ( 0.05750000000000000250, -0.04557619047619072133, -0.08215151996457641104 ) ) ;
#1424 = ORIENTED_EDGE ( 'NONE', *, *, #1091, .F. ) ;
#1425 = B_SPLINE_CURVE_WITH_KNOTS ( 'NONE', 3,
 ( #1402, #2603, #2198, #2590 ),
 .UNSPECIFIED., .F., .F.,
 ( 4, 4 ),
 ( 0.000000000000000000, 0.0003116023134073354190 ),
 .UNSPECIFIED. ) ;
#1426 = LENGTH_MEASURE_WITH_UNIT ( LENGTH_MEASURE( 0.02539999999999999897 ), #2417 );
#1427 = AXIS2_PLACEMENT_3D ( 'NONE', #1945, #1398, #324 ) ;
#1428 = CARTESIAN_POINT ( 'NONE',  ( -0.05000000000000000278, -0.05709155785906511182, -0.1060000000000000386 ) ) ;
#1429 =( LENGTH_UNIT ( ) NAMED_UNIT ( * ) SI_UNIT ( $, .METRE. ) );
#1430 = CONICAL_SURFACE ( 'NONE', #197, 0.02520000000000008344, 0.3340956062408719784 ) ;
#1431 = EDGE_CURVE ( 'NONE', #2073, #535, #305, .T. ) ;
#1432 = DIRECTION ( 'NONE',  ( 0.000000000000000000, 0.000000000000000000, 1.000000000000000000 ) ) ;
#1433 = ORIENTED_EDGE ( 'NONE', *, *, #409, .T. ) ;
#1434 = PLANE ( 'NONE',  #732 ) ;
#1435 = FACE_OUTER_BOUND ( 'NONE', #2320, .T. ) ;
#1436 = EDGE_CURVE ( 'NONE', #1873, #971, #1378, .T. ) ;
#1437 = ORIENTED_EDGE ( 'NONE', *, *, #2490, .F. ) ;
#1438 = CARTESIAN_POINT ( 'NONE',  ( -0.04250000000000000999, -0.05709351141765947601, -0.1256160909839060535 ) ) ;
#1439 = VERTEX_POINT ( 'NONE', #938 ) ;
#1440 = EDGE_CURVE ( 'NONE', #2565, #45, #2373, .T. ) ;
#1441 = FILL_AREA_STYLE ('',( #27 ) ) ;
#1442 = DIRECTION ( 'NONE',  ( 0.000000000000000000, 0.000000000000000000, 1.000000000000000000 ) ) ;
#1443 = SURFACE_STYLE_USAGE ( .BOTH. , #274 ) ;
#1444 = DIRECTION ( 'NONE',  ( 0.000000000000000000, 1.000000000000000000, -0.000000000000000000 ) ) ;
#1445 = ORIENTED_EDGE ( 'NONE', *, *, #1566, .T. ) ;
#1446 = EDGE_CURVE ( 'NONE', #1006, #388, #1742, .T. ) ;
#1447 = CARTESIAN_POINT ( 'NONE',  ( -0.04250000000000000999, -0.05709448818897639583, -0.1256150452459330602 ) ) ;
#1448 = ORIENTED_EDGE ( 'NONE', *, *, #2444, .T. ) ;
#1449 = CARTESIAN_POINT ( 'NONE',  ( -0.04250000000000000999, -0.05709253464102156950, -0.1256171367169089947 ) ) ;
#1450 = CARTESIAN_POINT ( 'NONE',  ( -0.05749999999999999556, -0.04499999999999999833, -0.08215151996457641104 ) ) ;
#1451 = ORIENTED_EDGE ( 'NONE', *, *, #1069, .F. ) ;
#1452 = SURFACE_SIDE_STYLE ('',( #575 ) ) ;
#1453 = DIRECTION ( 'NONE',  ( -1.000000000000000000, -0.000000000000000000, -0.000000000000000000 ) ) ;
#1454 = DIRECTION ( 'NONE',  ( 0.000000000000000000, 1.000000000000000000, -0.000000000000000000 ) ) ;
#1455 = EDGE_CURVE ( 'NONE', #2066, #316, #2224, .T. ) ;
#1456 = LINE ( 'NONE', #852, #1673 ) ;
#1457 = VERTEX_POINT ( 'NONE', #1109 ) ;
#1458 = DIRECTION ( 'NONE',  ( 0.000000000000000000, 0.9447072601477117804, 0.3279149167454924463 ) ) ;
#1459 = EDGE_LOOP ( 'NONE', ( #517, #975, #1631, #532 ) ) ;
#1460 = CARTESIAN_POINT ( 'NONE',  ( 0.1000000000000000056, -0.04499999999999999833, -0.08215151996457641104 ) ) ;
#1461 = LINE ( 'NONE', #1697, #998 ) ;
#1462 = VECTOR ( 'NONE', #2571, 39.37007874015748143 ) ;
#1463 = DIRECTION ( 'NONE',  ( 0.000000000000000000, 1.000000000000000000, 0.000000000000000000 ) ) ;
#1464 = ORIENTED_EDGE ( 'NONE', *, *, #489, .T. ) ;
#1465 = PRESENTATION_LAYER_ASSIGNMENT (  '', '', ( #2424 ) ) ;
#1466 = LINE ( 'NONE', #448, #522 ) ;
#1467 = CARTESIAN_POINT ( 'NONE',  ( -0.05000000000000000278, -0.06300000000000000044, -0.1060000000000000386 ) ) ;
#1468 = CIRCLE ( 'NONE', #1077, 0.02100293032991129918 ) ;
#1469 = CIRCLE ( 'NONE', #22, 0.05900000000000000383 ) ;
#1470 = DIRECTION ( 'NONE',  ( 0.000000000000000000, 1.000000000000000000, -0.000000000000000000 ) ) ;
#1471 = VERTEX_POINT ( 'NONE', #2140 ) ;
#1472 = FACE_OUTER_BOUND ( 'NONE', #2350, .T. ) ;
#1473 = ORIENTED_EDGE ( 'NONE', *, *, #2014, .F. ) ;
#1474 = CARTESIAN_POINT ( 'NONE',  ( 0.07384848003542364425, -0.04557619047619070746, -0.1135000000000000314 ) ) ;
#1475 = EDGE_LOOP ( 'NONE', ( #2530, #959, #2285, #1128, #1641 ) ) ;
#1476 = DIRECTION ( 'NONE',  ( 0.000000000000000000, 0.000000000000000000, -1.000000000000000000 ) ) ;
#1477 = DIRECTION ( 'NONE',  ( 0.000000000000000000, 0.000000000000000000, 1.000000000000000000 ) ) ;
#1478 = CARTESIAN_POINT ( 'NONE',  ( -0.03038495475406697080, -0.04499999999999999833, -0.1135000000000000314 ) ) ;
#1479 = SURFACE_STYLE_USAGE ( .BOTH. , #449 ) ;
#1480 = EDGE_CURVE ( 'NONE', #2455, #910, #2185, .T. ) ;
#1481 = CARTESIAN_POINT ( 'NONE',  ( -0.05000000000000000278, -0.04499999999999999833, -0.1060000000000000386 ) ) ;
#1482 = VERTEX_POINT ( 'NONE', #1348 ) ;
#1483 =( GEOMETRIC_REPRESENTATION_CONTEXT ( 3 ) GLOBAL_UNCERTAINTY_ASSIGNED_CONTEXT ( ( #558 ) ) GLOBAL_UNIT_ASSIGNED_CONTEXT ( ( #1098, #1900, #85 ) ) REPRESENTATION_CONTEXT ( 'NONE', 'WORKASPACE' ) );
#1484 = CYLINDRICAL_SURFACE ( 'NONE', #2514, 0.05900000000000000383 ) ;
#1485 = EDGE_CURVE ( 'NONE', #2161, #519, #2163, .T. ) ;
#1486 = ORIENTED_EDGE ( 'NONE', *, *, #2469, .F. ) ;
#1487 = DIRECTION ( 'NONE',  ( -0.000000000000000000, 0.000000000000000000, 1.000000000000000000 ) ) ;
#1488 = LINE ( 'NONE', #456, #2086 ) ;
#1489 = CARTESIAN_POINT ( 'NONE',  ( 0.04250000000000001693, 0.000000000000000000, -0.08215151996457641104 ) ) ;
#1490 = FILL_AREA_STYLE ('',( #2493 ) ) ;
#1491 = CARTESIAN_POINT ( 'NONE',  ( 0.05750000000000000250, -0.04499999999999999833, -0.1298484800354236801 ) ) ;
#1492 = VERTEX_POINT ( 'NONE', #2123 ) ;
#1493 = DIRECTION ( 'NONE',  ( 1.000000000000000000, -0.000000000000000000, 0.000000000000000000 ) ) ;
#1494 = UNCERTAINTY_MEASURE_WITH_UNIT (LENGTH_MEASURE( 1.000000000000000082E-05 ), #1924, 'distance_accuracy_value', 'NONE');
#1495 = ORIENTED_EDGE ( 'NONE', *, *, #1079, .T. ) ;
#1496 = EDGE_CURVE ( 'NONE', #1220, #1439, #309, .T. ) ;
#1497 = ORIENTED_EDGE ( 'NONE', *, *, #644, .T. ) ;
#1498 = CARTESIAN_POINT ( 'NONE',  ( -0.05749999999999999556, -0.05709351141765946908, -0.1256160909839060535 ) ) ;
#1499 = DIRECTION ( 'NONE',  ( 1.000000000000000000, 0.000000000000000000, 0.000000000000000000 ) ) ;
#1500 = CARTESIAN_POINT ( 'NONE',  ( 0.1000000000000000056, -0.06300000000000000044, 0.000000000000000000 ) ) ;
#1501 = CONICAL_SURFACE ( 'NONE', #93, 0.02520000000000008344, 0.3340956062408719784 ) ;
#1502 = DIRECTION ( 'NONE',  ( 0.000000000000000000, -0.7660444431189743497, -0.6427876096865436928 ) ) ;
#1503 = VECTOR ( 'NONE', #469, 39.37007874015748143 ) ;
#1504 = DIRECTION ( 'NONE',  ( 0.000000000000000000, 0.000000000000000000, 1.000000000000000000 ) ) ;
#1505 = COLOUR_RGB ( '',1.000000000000000000, 1.000000000000000000, 1.000000000000000000 ) ;
#1506 = DIRECTION ( 'NONE',  ( 0.000000000000000000, 0.000000000000000000, 1.000000000000000000 ) ) ;
#1507 = FILL_AREA_STYLE_COLOUR ( '', #2062 ) ;
#1508 = AXIS2_PLACEMENT_3D ( 'NONE', #159, #2118, #304 ) ;
#1509 = EDGE_CURVE ( 'NONE', #1339, #2359, #333, .T. ) ;
#1510 = CARTESIAN_POINT ( 'NONE',  ( -0.04718806793040359465, -0.04889352842240751035, -0.1298484800354237079 ) ) ;
#1511 = ORIENTED_EDGE ( 'NONE', *, *, #2136, .T. ) ;
#1512 = DIRECTION ( 'NONE',  ( 1.000000000000000000, 0.000000000000000000, 0.000000000000000000 ) ) ;
#1513 = VERTEX_POINT ( 'NONE', #1943 ) ;
#1514 = STYLED_ITEM ( 'NONE', ( #2586 ), #2324 ) ;
#1515 = ADVANCED_FACE ( 'NONE', ( #2152 ), #1145, .T. ) ;
#1516 = DIRECTION ( 'NONE',  ( 0.000000000000000000, -1.000000000000000000, 0.000000000000000000 ) ) ;
#1517 = DIRECTION ( 'NONE',  ( 0.000000000000000000, 0.000000000000000000, 1.000000000000000000 ) ) ;
#1518 = DIRECTION ( 'NONE',  ( 0.000000000000000000, 0.000000000000000000, 1.000000000000000000 ) ) ;
#1519 = CARTESIAN_POINT ( 'NONE',  ( 0.06961504524593303822, -0.05709448818897639583, -0.1135000000000000314 ) ) ;
#1520 = EDGE_CURVE ( 'NONE', #1135, #2342, #891, .T. ) ;
#1521 = DIRECTION ( 'NONE',  ( 1.000000000000000000, 0.000000000000000000, 0.000000000000000000 ) ) ;
#1522 = VERTEX_POINT ( 'NONE', #1034 ) ;
#1523 = FILL_AREA_STYLE_COLOUR ( '', #1087 ) ;
#1524 = ORIENTED_EDGE ( 'NONE', *, *, #2085, .T. ) ;
#1525 = LINE ( 'NONE', #502, #263 ) ;
#1526 = ORIENTED_EDGE ( 'NONE', *, *, #883, .T. ) ;
#1527 = CARTESIAN_POINT ( 'NONE',  ( 0.05750000000000000250, -0.04557619047619072133, -0.08215151996457641104 ) ) ;
#1528 = VERTEX_POINT ( 'NONE', #359 ) ;
#1529 = CARTESIAN_POINT ( 'NONE',  ( 0.1000000000000000056, -0.04499999999999999833, -0.1298484800354236801 ) ) ;
#1530 = CARTESIAN_POINT ( 'NONE',  ( -0.05000000000000000278, -0.05709155785906511182, -0.1060000000000000386 ) ) ;
#1531 = CARTESIAN_POINT ( 'NONE',  ( 0.05000000000000000278, -0.05709448818897639583, -0.1060000000000000386 ) ) ;
#1532 = EDGE_LOOP ( 'NONE', ( #452, #664, #2058, #1451 ) ) ;
#1533 = ORIENTED_EDGE ( 'NONE', *, *, #2522, .T. ) ;
#1534 = PLANE ( 'NONE',  #148 ) ;
#1535 = VERTEX_POINT ( 'NONE', #977 ) ;
#1536 = CARTESIAN_POINT ( 'NONE',  ( 0.07384848003542364425, -0.04499999999999999833, -0.09850000000000005973 ) ) ;
#1537 = EDGE_CURVE ( 'NONE', #6, #2076, #17, .T. ) ;
#1538 = DIRECTION ( 'NONE',  ( 0.000000000000000000, 1.000000000000000000, 0.000000000000000000 ) ) ;
#1539 = AXIS2_PLACEMENT_3D ( 'NONE', #2348, #518, #110 ) ;
#1540 = DIMENSIONAL_EXPONENTS ( 1.000000000000000000, 0.000000000000000000, 0.000000000000000000, 0.000000000000000000, 0.000000000000000000, 0.000000000000000000, 0.000000000000000000 ) ;
#1541 = VECTOR ( 'NONE', #2420, 39.37007874015748143 ) ;
#1542 =( LENGTH_UNIT ( ) NAMED_UNIT ( * ) SI_UNIT ( $, .METRE. ) );
#1543 = B_SPLINE_CURVE_WITH_KNOTS ( 'NONE', 3,
 ( #177, #968, #745, #349 ),
 .UNSPECIFIED., .F., .F.,
 ( 4, 4 ),
 ( 0.000000000000000000, 0.0003116023134073350937 ),
 .UNSPECIFIED. ) ;
#1544 = VECTOR ( 'NONE', #1258, 39.37007874015748143 ) ;
#1545 = ORIENTED_EDGE ( 'NONE', *, *, #1272, .T. ) ;
#1546 = B_SPLINE_CURVE_WITH_KNOTS ( 'NONE', 3,
 ( #231, #1047, #827, #1848 ),
 .UNSPECIFIED., .F., .F.,
 ( 4, 4 ),
 ( 0.000000000000000000, 1.090392476413198362E-07 ),
 .UNSPECIFIED. ) ;
#1547 = AXIS2_PLACEMENT_3D ( 'NONE', #63, #896, #2459 ) ;
#1548 = EDGE_LOOP ( 'NONE', ( #1821, #1163, #2032, #1254, #1464 ) ) ;
#1549 = LINE ( 'NONE', #2316, #1915 ) ;
#1550 = CARTESIAN_POINT ( 'NONE',  ( -0.06961504524593303822, -0.04499999999999999833, -0.1135000000000000314 ) ) ;
#1551 = UNCERTAINTY_MEASURE_WITH_UNIT (LENGTH_MEASURE( 1.000000000000000082E-05 ), #2448, 'distance_accuracy_value', 'NONE');
#1552 = VERTEX_POINT ( 'NONE', #2005 ) ;
#1553 = DIRECTION ( 'NONE',  ( 0.000000000000000000, 0.000000000000000000, 1.000000000000000000 ) ) ;
#1554 = VECTOR ( 'NONE', #495, 39.37007874015748143 ) ;
#1555 = STYLED_ITEM ( 'NONE', ( #1371 ), #2194 ) ;
#1556 = PRODUCT_DEFINITION ( 'UNKNOWN', '', #484, #1137 ) ;
#1557 = CARTESIAN_POINT ( 'NONE',  ( 0.04250000000000001693, -0.04941897348264882167, -0.08354978367178528265 ) ) ;
#1558 = LINE ( 'NONE', #697, #2146 ) ;
#1559 = EDGE_CURVE ( 'NONE', #1835, #1492, #832, .T. ) ;
#1560 = VERTEX_POINT ( 'NONE', #2190 ) ;
#1561 = CARTESIAN_POINT ( 'NONE',  ( 0.08899999999999999578, 0.05999999999999997696, 0.07000000000000000666 ) ) ;
#1562 = EDGE_CURVE ( 'NONE', #1803, #401, #1181, .T. ) ;
#1563 = CARTESIAN_POINT ( 'NONE',  ( 0.07384848003542364425, 0.000000000000000000, -0.09850000000000005973 ) ) ;
#1564 = ORIENTED_EDGE ( 'NONE', *, *, #2307, .F. ) ;
#1565 = VECTOR ( 'NONE', #1366, 39.37007874015748143 ) ;
#1566 = EDGE_CURVE ( 'NONE', #971, #1023, #2430, .T. ) ;
#1567 =( NAMED_UNIT ( * ) SI_UNIT ( $, .STERADIAN. ) SOLID_ANGLE_UNIT ( ) );
#1568 = CARTESIAN_POINT ( 'NONE',  ( 0.05281193206959640396, -0.04889352842240751035, -0.1298484800354237079 ) ) ;
#1569 = CYLINDRICAL_SURFACE ( 'NONE', #2296, 0.02099999999999999437 ) ;
#1570 =( CONVERSION_BASED_UNIT ( 'INCH', #1948 ) LENGTH_UNIT ( ) NAMED_UNIT ( #1540 ) );
#1571 = SURFACE_SIDE_STYLE ('',( #2575 ) ) ;
#1572 = UNCERTAINTY_MEASURE_WITH_UNIT (LENGTH_MEASURE( 1.000000000000000082E-05 ), #516, 'distance_accuracy_value', 'NONE');
#1573 = ORIENTED_EDGE ( 'NONE', *, *, #431, .T. ) ;
#1574 = DIRECTION ( 'NONE',  ( 0.000000000000000000, 0.000000000000000000, 1.000000000000000000 ) ) ;
#1575 = FILL_AREA_STYLE ('',( #410 ) ) ;
#1576 = ORIENTED_EDGE ( 'NONE', *, *, #2447, .T. ) ;
#1577 = CARTESIAN_POINT ( 'NONE',  ( 0.05000000000000000278, -0.05709448818897639583, -0.1060000000000000386 ) ) ;
#1578 = B_SPLINE_CURVE_WITH_KNOTS ( 'NONE', 3,
 ( #1771, #132, #2584, #1984 ),
 .UNSPECIFIED., .F., .F.,
 ( 4, 4 ),
 ( 0.000000000000000000, 0.0003116023134073354732 ),
 .UNSPECIFIED. ) ;
#1579 = DIRECTION ( 'NONE',  ( 1.000000000000000000, -0.000000000000000000, 0.000000000000000000 ) ) ;
#1580 = CYLINDRICAL_SURFACE ( 'NONE', #1717, 0.05900000000000000383 ) ;
#1581 = CARTESIAN_POINT ( 'NONE',  ( -0.05000000000000000278, -0.06300000000000000044, -0.1060000000000000386 ) ) ;
#1582 = CIRCLE ( 'NONE', #2247, 0.02099999999999999437 ) ;
#1583 = CARTESIAN_POINT ( 'NONE',  ( 0.04250000000000003081, -0.04499999999999999833, 1.029161891307986957E-17 ) ) ;
#1584 = VECTOR ( 'NONE', #215, 39.37007874015748143 ) ;
#1585 = ORIENTED_EDGE ( 'NONE', *, *, #124, .F. ) ;
#1586 = EDGE_CURVE ( 'NONE', #2091, #2076, #80, .T. ) ;
#1587 = CARTESIAN_POINT ( 'NONE',  ( -0.04250000000000000999, -0.04941897348264880085, -0.1284502163282147946 ) ) ;
#1588 = CARTESIAN_POINT ( 'NONE',  ( 0.05750000000000000250, -0.05709448818897639583, -0.1256150452459330602 ) ) ;
#1589 = AXIS2_PLACEMENT_3D ( 'NONE', #2186, #169, #1605 ) ;
#1590 = EDGE_LOOP ( 'NONE', ( #1721, #740, #471, #2553 ) ) ;
#1591 = DIRECTION ( 'NONE',  ( 0.000000000000000000, 1.000000000000000000, 0.000000000000000000 ) ) ;
#1592 = VECTOR ( 'NONE', #2509, 39.37007874015748143 ) ;
#1593 = EDGE_CURVE ( 'NONE', #2073, #254, #1198, .T. ) ;
#1594 = CARTESIAN_POINT ( 'NONE',  ( -0.02615151996457636130, -0.04557619047619070746, -0.09850000000000005973 ) ) ;
#1595 = VECTOR ( 'NONE', #2181, 39.37007874015748143 ) ;
#1596 = AXIS2_PLACEMENT_3D ( 'NONE', #18, #596, #1658 ) ;
#1597 = CARTESIAN_POINT ( 'NONE',  ( 0.08899999999999999578, 0.000000000000000000, -0.07000000000000007605 ) ) ;
#1598 = EDGE_CURVE ( 'NONE', #1873, #1513, #116, .T. ) ;
#1599 = LENGTH_MEASURE_WITH_UNIT ( LENGTH_MEASURE( 0.02539999999999999897 ), #1542 );
#1600 = CARTESIAN_POINT ( 'NONE',  ( -0.05000000000000000278, -0.05709155785906511182, -0.1060000000000000386 ) ) ;
#1601 = LINE ( 'NONE', #1960, #779 ) ;
#1602 = ORIENTED_EDGE ( 'NONE', *, *, #2600, .F. ) ;
#1603 = CARTESIAN_POINT ( 'NONE',  ( 0.03038495475406697427, 0.000000000000000000, -0.1135000000000000314 ) ) ;
#1604 = ADVANCED_FACE ( 'NONE', ( #1826 ), #213, .T. ) ;
#1605 = DIRECTION ( 'NONE',  ( 0.000000000000000000, 0.000000000000000000, -1.000000000000000000 ) ) ;
#1606 = UNCERTAINTY_MEASURE_WITH_UNIT (LENGTH_MEASURE( 1.000000000000000082E-05 ), #2223, 'distance_accuracy_value', 'NONE');
#1607 = ORIENTED_EDGE ( 'NONE', *, *, #1559, .F. ) ;
#1608 = FILL_AREA_STYLE ('',( #1800 ) ) ;
#1609 = DIRECTION ( 'NONE',  ( 0.000000000000000000, 1.000000000000000000, 0.000000000000000000 ) ) ;
#1610 = ORIENTED_EDGE ( 'NONE', *, *, #2037, .F. ) ;
#1611 =( GEOMETRIC_REPRESENTATION_CONTEXT ( 3 ) GLOBAL_UNCERTAINTY_ASSIGNED_CONTEXT ( ( #1635 ) ) GLOBAL_UNIT_ASSIGNED_CONTEXT ( ( #377, #150, #1399 ) ) REPRESENTATION_CONTEXT ( 'NONE', 'WORKASPACE' ) );
#1612 = SURFACE_SIDE_STYLE ('',( #2009 ) ) ;
#1613 = DIRECTION ( 'NONE',  ( 0.000000000000000000, -1.000000000000000000, 0.000000000000000000 ) ) ;
#1614 = DIRECTION ( 'NONE',  ( 1.000000000000000000, -0.000000000000000000, 0.000000000000000000 ) ) ;
#1615 = DIMENSIONAL_EXPONENTS ( 1.000000000000000000, 0.000000000000000000, 0.000000000000000000, 0.000000000000000000, 0.000000000000000000, 0.000000000000000000, 0.000000000000000000 ) ;
#1616 = CARTESIAN_POINT ( 'NONE',  ( -0.04250000000000000999, 0.000000000000000000, -0.000000000000000000 ) ) ;
#1617 = ORIENTED_EDGE ( 'NONE', *, *, #1593, .T. ) ;
#1618 = CARTESIAN_POINT ( 'NONE',  ( 0.08899999999999999578, 0.1899999999999999467, 0.09899999999999994915 ) ) ;
#1619 = CARTESIAN_POINT ( 'NONE',  ( -0.05750000000000000250, -0.04557619047619072133, -0.1298484800354236801 ) ) ;
#1620 = CARTESIAN_POINT ( 'NONE',  ( 0.03038495475406697427, -0.05709448818897639583, -0.09850000000000005973 ) ) ;
#1621 = EDGE_LOOP ( 'NONE', ( #2313, #1663, #315, #156, #785 ) ) ;
#1622 = CARTESIAN_POINT ( 'NONE',  ( 0.04250000000000000999, -0.05325839808708392881, -0.1270426152415637389 ) ) ;
#1623 = CARTESIAN_POINT ( 'NONE',  ( -0.02615151996457635436, -0.04852246816922961559, -0.1032217055826060575 ) ) ;
#1624 = ORIENTED_EDGE ( 'NONE', *, *, #1787, .F. ) ;
#1625 = EDGE_CURVE ( 'NONE', #316, #609, #1796, .T. ) ;
#1626 = DIRECTION ( 'NONE',  ( 0.000000000000000000, 1.000000000000000000, 0.000000000000000000 ) ) ;
#1627 = DIRECTION ( 'NONE',  ( 0.000000000000000000, 0.6427876096865436928, -0.7660444431189743497 ) ) ;
#1628 = CARTESIAN_POINT ( 'NONE',  ( 0.07384848003542364425, -0.04557619047619070746, -0.09850000000000005973 ) ) ;
#1629 = CARTESIAN_POINT ( 'NONE',  ( -0.07384848003542363037, -0.04557619047619075603, -0.1135000000000000314 ) ) ;
#1630 = AXIS2_PLACEMENT_3D ( 'NONE', #1334, #949, #2336 ) ;
#1631 = ORIENTED_EDGE ( 'NONE', *, *, #533, .F. ) ;
#1632 = AXIS2_PLACEMENT_3D ( 'NONE', #184, #2399, #987 ) ;
#1633 = CYLINDRICAL_SURFACE ( 'NONE', #565, 0.02099999999999999437 ) ;
#1634 = LINE ( 'NONE', #209, #106 ) ;
#1635 = UNCERTAINTY_MEASURE_WITH_UNIT (LENGTH_MEASURE( 1.000000000000000082E-05 ), #377, 'distance_accuracy_value', 'NONE');
#1636 = EDGE_LOOP ( 'NONE', ( #1300, #2427, #2232, #1947, #343, #651, #1576, #1898, #877, #2400, #127, #824 ) ) ;
#1637 = CONICAL_SURFACE ( 'NONE', #473, 0.02520000000000008344, 0.3340956062408719784 ) ;
#1638 = CARTESIAN_POINT ( 'NONE',  ( -0.06900000000000000577, 0.2099999999999999367, 0.09899999999999994915 ) ) ;
#1639 = AXIS2_PLACEMENT_3D ( 'NONE', #39, #875, #2059 ) ;
#1640 = CARTESIAN_POINT ( 'NONE',  ( 0.05750000000000000250, -0.04941897348264880085, -0.08354978367178529652 ) ) ;
#1641 = ORIENTED_EDGE ( 'NONE', *, *, #2074, .T. ) ;
#1642 = CARTESIAN_POINT ( 'NONE',  ( 0.08899999999999999578, 0.2099999999999999367, 0.04992642805504871051 ) ) ;
#1643 = LINE ( 'NONE', #1829, #1881 ) ;
#1644 = EDGE_CURVE ( 'NONE', #809, #1560, #1899, .T. ) ;
#1645 = DIRECTION ( 'NONE',  ( 8.129365613371414017E-16, 0.000000000000000000, 1.000000000000000000 ) ) ;
#1646 = CARTESIAN_POINT ( 'NONE',  ( 0.08899999999999999578, 0.000000000000000000, 0.07000000000000007605 ) ) ;
#1647 = EDGE_LOOP ( 'NONE', ( #547, #2356, #2252, #1774, #2187 ) ) ;
#1648 = DIRECTION ( 'NONE',  ( 0.000000000000000000, 0.000000000000000000, 1.000000000000000000 ) ) ;
#1649 = VERTEX_POINT ( 'NONE', #35 ) ;
#1650 = LINE ( 'NONE', #2003, #224 ) ;
#1651 = B_SPLINE_CURVE_WITH_KNOTS ( 'NONE', 3,
 ( #899, #497, #1557, #2560 ),
 .UNSPECIFIED., .F., .F.,
 ( 4, 4 ),
 ( 2.287560554741584044E-07, 0.0003118310694628091380 ),
 .UNSPECIFIED. ) ;
#1652 = ORIENTED_EDGE ( 'NONE', *, *, #837, .T. ) ;
#1653 = CARTESIAN_POINT ( 'NONE',  ( -0.04250000000000000999, -0.04557619047619072133, -0.08215151996457641104 ) ) ;
#1654 = AXIS2_PLACEMENT_3D ( 'NONE', #1600, #1972, #2011 ) ;
#1655 = CARTESIAN_POINT ( 'NONE',  ( -0.03038495475406697080, -0.05709448818897639583, -0.1135000000000000314 ) ) ;
#1656 = APPLICATION_PROTOCOL_DEFINITION ( 'draft international standard', 'automotive_design', 1998, #2402 ) ;
#1657 = ORIENTED_EDGE ( 'NONE', *, *, #843, .T. ) ;
#1658 = DIRECTION ( 'NONE',  ( 0.000000000000000000, 0.000000000000000000, 1.000000000000000000 ) ) ;
#1659 = UNCERTAINTY_MEASURE_WITH_UNIT (LENGTH_MEASURE( 1.000000000000000082E-05 ), #703, 'distance_accuracy_value', 'NONE');
#1660 = ORIENTED_EDGE ( 'NONE', *, *, #1816, .F. ) ;
#1661 = LENGTH_MEASURE_WITH_UNIT ( LENGTH_MEASURE( 0.02539999999999999897 ), #846 );
#1662 = CARTESIAN_POINT ( 'NONE',  ( 0.05000000000000000278, -0.05709448818897639583, -0.1060000000000000386 ) ) ;
#1663 = ORIENTED_EDGE ( 'NONE', *, *, #616, .F. ) ;
#1664 = FACE_OUTER_BOUND ( 'NONE', #1020, .T. ) ;
#1665 = DIRECTION ( 'NONE',  ( 0.000000000000000000, 0.000000000000000000, 1.000000000000000000 ) ) ;
#1666 = ORIENTED_EDGE ( 'NONE', *, *, #2124, .T. ) ;
#1667 = AXIS2_PLACEMENT_3D ( 'NONE', #402, #2042, #2413 ) ;
#1668 = CARTESIAN_POINT ( 'NONE',  ( -0.04250000000000000999, -0.04557619047619072133, -0.1298484800354236801 ) ) ;
#1669 = ADVANCED_FACE ( 'NONE', ( #2093 ), #2502, .T. ) ;
#1670 = ORIENTED_EDGE ( 'NONE', *, *, #725, .T. ) ;
#1671 = CARTESIAN_POINT ( 'NONE',  ( -0.06961818244494397123, -0.05709155785906511182, -0.1135000000000000314 ) ) ;
#1672 = VERTEX_POINT ( 'NONE', #1674 ) ;
#1673 = VECTOR ( 'NONE', #206, 39.37007874015748143 ) ;
#1674 = CARTESIAN_POINT ( 'NONE',  ( 0.05000000000000000278, -0.04889366465985112847, -0.08215151996457641104 ) ) ;
#1675 = MECHANICAL_DESIGN_GEOMETRIC_PRESENTATION_REPRESENTATION (  '', ( #993 ), #2421 ) ;
#1676 =( LENGTH_UNIT ( ) NAMED_UNIT ( * ) SI_UNIT ( $, .METRE. ) );
#1677 = EDGE_CURVE ( 'NONE', #1748, #1482, #1461, .T. ) ;
#1678 = VECTOR ( 'NONE', #457, 39.37007874015748143 ) ;
#1679 =( LENGTH_UNIT ( ) NAMED_UNIT ( * ) SI_UNIT ( $, .METRE. ) );
#1680 = PRESENTATION_LAYER_ASSIGNMENT (  '', '', ( #1762 ) ) ;
#1681 = EDGE_CURVE ( 'NONE', #800, #1835, #2481, .T. ) ;
#1682 = CIRCLE ( 'NONE', #528, 0.02100293032991129918 ) ;
#1683 = LINE ( 'NONE', #51, #647 ) ;
#1684 = EDGE_LOOP ( 'NONE', ( #1752, #730, #921, #2204, #2390 ) ) ;
#1685 =( GEOMETRIC_REPRESENTATION_CONTEXT ( 3 ) GLOBAL_UNCERTAINTY_ASSIGNED_CONTEXT ( ( #1168 ) ) GLOBAL_UNIT_ASSIGNED_CONTEXT ( ( #1167, #527, #927 ) ) REPRESENTATION_CONTEXT ( 'NONE', 'WORKASPACE' ) );
#1686 = CARTESIAN_POINT ( 'NONE',  ( -0.04250000000000000999, -0.04499999999999999833, -0.08215151996457641104 ) ) ;
#1687 = EDGE_LOOP ( 'NONE', ( #2362, #1617, #2006, #1333 ) ) ;
#1688 = ORIENTED_EDGE ( 'NONE', *, *, #1184, .F. ) ;
#1689 = ADVANCED_FACE ( 'NONE', ( #881 ), #247, .T. ) ;
#1690 = LINE ( 'NONE', #83, #1156 ) ;
#1691 =( NAMED_UNIT ( * ) PLANE_ANGLE_UNIT ( ) SI_UNIT ( $, .RADIAN. ) );
#1692 = CARTESIAN_POINT ( 'NONE',  ( 0.08899999999999999578, 0.2099999999999999367, 0.04992642805504871051 ) ) ;
#1693 = CARTESIAN_POINT ( 'NONE',  ( 0.05750000000000000250, 0.000000000000000000, -0.08638495475406701707 ) ) ;
#1694 = ORIENTED_EDGE ( 'NONE', *, *, #43, .T. ) ;
#1695 = PRESENTATION_LAYER_ASSIGNMENT (  '', '', ( #1981 ) ) ;
#1696 = VERTEX_POINT ( 'NONE', #2267 ) ;
#1697 = CARTESIAN_POINT ( 'NONE',  ( 0.07384848003542364425, 0.000000000000000000, 0.000000000000000000 ) ) ;
#1698 = DIRECTION ( 'NONE',  ( 0.000000000000000000, 0.000000000000000000, 1.000000000000000000 ) ) ;
#1699 = CARTESIAN_POINT ( 'NONE',  ( 0.04250000000000000999, -0.04557619047619072133, -0.1298484800354236801 ) ) ;
#1700 = EDGE_CURVE ( 'NONE', #1552, #1214, #1488, .T. ) ;
#1701 = CARTESIAN_POINT ( 'NONE',  ( -0.05530891463444136819, -0.04730375715108695034, -0.08215151996457642491 ) ) ;
#1702 = LINE ( 'NONE', #888, #2045 ) ;
#1703 = PLANE ( 'NONE',  #1856 ) ;
#1704 = B_SPLINE_CURVE_WITH_KNOTS ( 'NONE', 3,
 ( #178, #1745, #1778, #2535 ),
 .UNSPECIFIED., .F., .F.,
 ( 4, 4 ),
 ( 2.287560554741210026E-07, 0.0003118310694628087043 ),
 .UNSPECIFIED. ) ;
#1705 = EDGE_CURVE ( 'NONE', #579, #254, #2173, .T. ) ;
#1706 = PLANE ( 'NONE',  #2594 ) ;
#1707 = ORIENTED_EDGE ( 'NONE', *, *, #886, .F. ) ;
#1708 =( CONVERSION_BASED_UNIT ( 'INCH', #2456 ) LENGTH_UNIT ( ) NAMED_UNIT ( #1332 ) );
#1709 = ORIENTED_EDGE ( 'NONE', *, *, #2311, .F. ) ;
#1710 = AXIS2_PLACEMENT_3D ( 'NONE', #21, #598, #1421 ) ;
#1711 = EDGE_CURVE ( 'NONE', #2521, #2, #458, .T. ) ;
#1712 = SURFACE_SIDE_STYLE ('',( #667 ) ) ;
#1713 = PRESENTATION_LAYER_ASSIGNMENT (  '', '', ( #2374 ) ) ;
#1714 = CARTESIAN_POINT ( 'NONE',  ( 0.02754978367178526066, -0.04941897348264882167, -0.09850000000000005973 ) ) ;
#1715 = COLOUR_RGB ( '',1.000000000000000000, 1.000000000000000000, 1.000000000000000000 ) ;
#1716 = CARTESIAN_POINT ( 'NONE',  ( 0.06961504524593303822, -0.04499999999999999833, -0.1135000000000000314 ) ) ;
#1717 = AXIS2_PLACEMENT_3D ( 'NONE', #117, #1322, #541 ) ;
#1718 = LINE ( 'NONE', #2063, #2376 ) ;
#1719 =( GEOMETRIC_REPRESENTATION_CONTEXT ( 3 ) GLOBAL_UNCERTAINTY_ASSIGNED_CONTEXT ( ( #715 ) ) GLOBAL_UNIT_ASSIGNED_CONTEXT ( ( #285, #237, #857 ) ) REPRESENTATION_CONTEXT ( 'NONE', 'WORKASPACE' ) );
#1720 = CARTESIAN_POINT ( 'NONE',  ( 0.05750000000000000250, 0.000000000000000000, -0.1256150452459330602 ) ) ;
#1721 = ORIENTED_EDGE ( 'NONE', *, *, #1268, .T. ) ;
#1722 = CARTESIAN_POINT ( 'NONE',  ( 0.000000000000000000, 0.1499999999999999667, 0.1989999999999999825 ) ) ;
#1723 = CIRCLE ( 'NONE', #2048, 0.02099999999999999437 ) ;
#1724 = EDGE_LOOP ( 'NONE', ( #66, #1138, #829, #202 ) ) ;
#1725 = DIRECTION ( 'NONE',  ( 0.000000000000000000, 0.000000000000000000, 1.000000000000000000 ) ) ;
#1726 = VERTEX_POINT ( 'NONE', #1096 ) ;
#1727 = FACE_OUTER_BOUND ( 'NONE', #2064, .T. ) ;
#1728 = CARTESIAN_POINT ( 'NONE',  ( -0.03038181755505603085, -0.05709155785906511182, -0.09850000000000005973 ) ) ;
#1729 = CARTESIAN_POINT ( 'NONE',  ( -0.05000000000000000278, -0.05709448818897639583, -0.1060000000000000386 ) ) ;
#1730 = CARTESIAN_POINT ( 'NONE',  ( 0.05000000000000000278, 0.000000000000000000, -0.1060000000000000386 ) ) ;
#1731 = FILL_AREA_STYLE_COLOUR ( '', #2548 ) ;
#1732 = ORIENTED_EDGE ( 'NONE', *, *, #62, .T. ) ;
#1733 = ORIENTED_EDGE ( 'NONE', *, *, #2404, .F. ) ;
#1734 = EDGE_CURVE ( 'NONE', #501, #292, #1690, .T. ) ;
#1735 = FACE_BOUND ( 'NONE', #1232, .T. ) ;
#1736 = ORIENTED_EDGE ( 'NONE', *, *, #2114, .F. ) ;
#1737 = DIRECTION ( 'NONE',  ( -0.000000000000000000, 0.000000000000000000, 1.000000000000000000 ) ) ;
#1738 = UNCERTAINTY_MEASURE_WITH_UNIT (LENGTH_MEASURE( 1.000000000000000082E-05 ), #1917, 'distance_accuracy_value', 'NONE');
#1739 = ORIENTED_EDGE ( 'NONE', *, *, #1982, .F. ) ;
#1740 = CARTESIAN_POINT ( 'NONE',  ( -0.05000000000000000278, -0.04499999999999999833, -0.1060000000000000386 ) ) ;
#1741 = ADVANCED_FACE ( 'NONE', ( #521 ), #317, .T. ) ;
#1742 = LINE ( 'NONE', #1754, #1240 ) ;
#1743 = PRESENTATION_STYLE_ASSIGNMENT (( #2533 ) ) ;
#1744 = PRESENTATION_STYLE_ASSIGNMENT (( #1350 ) ) ;
#1745 = CARTESIAN_POINT ( 'NONE',  ( 0.02895738475843632684, -0.05325839808708394268, -0.1135000000000000314 ) ) ;
#1746 = EDGE_LOOP ( 'NONE', ( #1666, #523 ) ) ;
#1747 =( LENGTH_UNIT ( ) NAMED_UNIT ( * ) SI_UNIT ( $, .METRE. ) );
#1748 = VERTEX_POINT ( 'NONE', #1563 ) ;
#1749 = CARTESIAN_POINT ( 'NONE',  ( -0.04250000000000000999, -0.05709351141765946908, -0.08638390901609403760 ) ) ;
#1750 = EDGE_CURVE ( 'NONE', #910, #464, #1841, .T. ) ;
#1751 = CARTESIAN_POINT ( 'NONE',  ( 0.05530177764608826263, -0.04730799843438833474, -0.08215151996457639716 ) ) ;
#1752 = ORIENTED_EDGE ( 'NONE', *, *, #137, .T. ) ;
#1753 = DIRECTION ( 'NONE',  ( -0.000000000000000000, 1.000000000000000000, -0.000000000000000000 ) ) ;
#1754 = CARTESIAN_POINT ( 'NONE',  ( 0.06899999999999999190, 0.2099999999999999367, 0.04992642805504871051 ) ) ;
#1755 = VECTOR ( 'NONE', #700, 39.37007874015748143 ) ;
#1756 =( NAMED_UNIT ( * ) SI_UNIT ( $, .STERADIAN. ) SOLID_ANGLE_UNIT ( ) );
#1757 = CARTESIAN_POINT ( 'NONE',  ( -0.03038181755505603085, -0.05709155785906511182, -0.09850000000000005973 ) ) ;
#1758 = VECTOR ( 'NONE', #2583, 39.37007874015748143 ) ;
#1759 = CARTESIAN_POINT ( 'NONE',  ( -0.05749999999999999556, -0.05709155785906509101, -0.1256181824449440210 ) ) ;
#1760 =( LENGTH_UNIT ( ) NAMED_UNIT ( * ) SI_UNIT ( $, .METRE. ) );
#1761 = ORIENTED_EDGE ( 'NONE', *, *, #1227, .T. ) ;
#1762 = STYLED_ITEM ( 'NONE', ( #636 ), #1970 ) ;
#1763 = CARTESIAN_POINT ( 'NONE',  ( -0.04250000000000000999, -0.05709448818897639583, -0.08638495475406701707 ) ) ;
#1764 = MECHANICAL_DESIGN_GEOMETRIC_PRESENTATION_REPRESENTATION (  '', ( #2551 ), #1844 ) ;
#1765 = LINE ( 'NONE', #1122, #2386 ) ;
#1766 = ORIENTED_EDGE ( 'NONE', *, *, #1358, .F. ) ;
#1767 = FILL_AREA_STYLE ('',( #307 ) ) ;
#1768 = DIRECTION ( 'NONE',  ( -0.000000000000000000, 1.000000000000000000, 0.000000000000000000 ) ) ;
#1769 = AXIS2_PLACEMENT_3D ( 'NONE', #2454, #1907, #2498 ) ;
#1770 = DIRECTION ( 'NONE',  ( 0.000000000000000000, 0.000000000000000000, 1.000000000000000000 ) ) ;
#1771 = CARTESIAN_POINT ( 'NONE',  ( -0.02615151996457636130, -0.04557619047619070746, -0.1135000000000000314 ) ) ;
#1772 = PLANE ( 'NONE',  #38 ) ;
#1773 = FACE_OUTER_BOUND ( 'NONE', #856, .T. ) ;
#1774 = ORIENTED_EDGE ( 'NONE', *, *, #1967, .F. ) ;
#1775 = FACE_OUTER_BOUND ( 'NONE', #280, .T. ) ;
#1776 = VERTEX_POINT ( 'NONE', #2520 ) ;
#1777 = DIRECTION ( 'NONE',  ( -1.000000000000000000, -0.000000000000000000, -0.000000000000000000 ) ) ;
#1778 = CARTESIAN_POINT ( 'NONE',  ( 0.02754978367178524679, -0.04941897348264883555, -0.1135000000000000314 ) ) ;
#1779 = EDGE_CURVE ( 'NONE', #1457, #2438, #2304, .T. ) ;
#1780 = FACE_OUTER_BOUND ( 'NONE', #1360, .T. ) ;
#1781 = VERTEX_POINT ( 'NONE', #2160 ) ;
#1782 = EDGE_CURVE ( 'NONE', #1726, #30, #2512, .T. ) ;
#1783 = DIRECTION ( 'NONE',  ( 0.000000000000000000, -1.000000000000000000, -3.752538452835526323E-16 ) ) ;
#1784 = CARTESIAN_POINT ( 'NONE',  ( -0.08899999999999999578, 0.05999999999999997696, -0.07000000000000000666 ) ) ;
#1785 = ORIENTED_EDGE ( 'NONE', *, *, #644, .F. ) ;
#1786 =( NAMED_UNIT ( * ) SI_UNIT ( $, .STERADIAN. ) SOLID_ANGLE_UNIT ( ) );
#1787 = EDGE_CURVE ( 'NONE', #1251, #1776, #950, .T. ) ;
#1788 = CARTESIAN_POINT ( 'NONE',  ( 0.05750000000000000250, -0.05325839808708392881, -0.08495738475843635229 ) ) ;
#1789 = DIRECTION ( 'NONE',  ( 0.000000000000000000, 0.000000000000000000, 1.000000000000000000 ) ) ;
#1790 = DIRECTION ( 'NONE',  ( 0.000000000000000000, 1.000000000000000000, 0.000000000000000000 ) ) ;
#1791 = SURFACE_STYLE_USAGE ( .BOTH. , #981 ) ;
#1792 = VECTOR ( 'NONE', #838, 39.37007874015748143 ) ;
#1793 = FILL_AREA_STYLE_COLOUR ( '', #353 ) ;
#1794 = PRESENTATION_LAYER_ASSIGNMENT (  '', '', ( #901 ) ) ;
#1795 = ORIENTED_EDGE ( 'NONE', *, *, #2017, .F. ) ;
#1796 = B_SPLINE_CURVE_WITH_KNOTS ( 'NONE', 3,
 ( #1594, #2581, #802, #1623, #176, #773, #2240, #893, #1863, #443 ),
 .UNSPECIFIED., .F., .F.,
 ( 4, 2, 2, 2, 4 ),
 ( -0.0001777546810721619035, -7.192199170561743796E-05, 3.391069766092702758E-05, 0.0001397433870274714931, 0.0002455760763940159587 ),
 .UNSPECIFIED. ) ;
#1797 = DIRECTION ( 'NONE',  ( 0.000000000000000000, 1.000000000000000000, 0.000000000000000000 ) ) ;
#1798 = STYLED_ITEM ( 'NONE', ( #2028 ), #1903 ) ;
#1799 = EDGE_LOOP ( 'NONE', ( #325, #2107, #1526, #1356 ) ) ;
#1800 = FILL_AREA_STYLE_COLOUR ( '', #261 ) ;
#1801 = VECTOR ( 'NONE', #2612, 39.37007874015748143 ) ;
#1802 = DIRECTION ( 'NONE',  ( -0.000000000000000000, -0.000000000000000000, -1.000000000000000000 ) ) ;
#1803 = VERTEX_POINT ( 'NONE', #1359 ) ;
#1804 = DIRECTION ( 'NONE',  ( 0.000000000000000000, 1.000000000000000000, 0.000000000000000000 ) ) ;
#1805 = DIRECTION ( 'NONE',  ( 0.000000000000000000, 0.000000000000000000, 1.000000000000000000 ) ) ;
#1806 = CARTESIAN_POINT ( 'NONE',  ( -0.08899999999999999578, 0.000000000000000000, 0.09899999999999994915 ) ) ;
#1807 = ORIENTED_EDGE ( 'NONE', *, *, #1480, .F. ) ;
#1808 = LINE ( 'NONE', #1618, #2079 ) ;
#1809 = LENGTH_MEASURE_WITH_UNIT ( LENGTH_MEASURE( 0.02539999999999999897 ), #382 );
#1810 = CARTESIAN_POINT ( 'NONE',  ( -0.05000000000000000278, -0.06300000000000000044, -0.1060000000000000386 ) ) ;
#1811 = EDGE_CURVE ( 'NONE', #2510, #1961, #701, .T. ) ;
#1812 = EDGE_LOOP ( 'NONE', ( #397, #251, #1814, #383 ) ) ;
#1813 = CARTESIAN_POINT ( 'NONE',  ( 0.02615151996457637865, 0.000000000000000000, 0.000000000000000000 ) ) ;
#1814 = ORIENTED_EDGE ( 'NONE', *, *, #1625, .T. ) ;
#1815 = CIRCLE ( 'NONE', #496, 0.02100293032991129918 ) ;
#1816 = EDGE_CURVE ( 'NONE', #1672, #1873, #2231, .T. ) ;
#1817 = DIRECTION ( 'NONE',  ( 1.000000000000000000, 0.000000000000000000, -0.000000000000000000 ) ) ;
#1818 = CARTESIAN_POINT ( 'NONE',  ( 0.05000000000000000278, -0.05709155785906511182, -0.1060000000000000386 ) ) ;
#1819 = SURFACE_STYLE_FILL_AREA ( #1958 ) ;
#1820 = CARTESIAN_POINT ( 'NONE',  ( 0.05750000000000000250, -0.05709253464102156256, -0.08638286328309109641 ) ) ;
#1821 = ORIENTED_EDGE ( 'NONE', *, *, #366, .T. ) ;
#1822 = LINE ( 'NONE', #1018, #2585 ) ;
#1823 = ORIENTED_EDGE ( 'NONE', *, *, #607, .T. ) ;
#1824 = DIRECTION ( 'NONE',  ( 0.000000000000000000, -1.000000000000000000, -1.138269997360110167E-15 ) ) ;
#1825 = ADVANCED_FACE ( 'NONE', ( #946 ), #101, .T. ) ;
#1826 = FACE_OUTER_BOUND ( 'NONE', #1724, .T. ) ;
#1827 = EDGE_LOOP ( 'NONE', ( #2088, #2602, #2302, #1169 ) ) ;
#1828 = FILL_AREA_STYLE ('',( #1992 ) ) ;
#1829 = CARTESIAN_POINT ( 'NONE',  ( -0.07384848003542363037, -0.04499999999999999833, -0.09850000000000005973 ) ) ;
#1830 = CARTESIAN_POINT ( 'NONE',  ( 0.02615151996457637865, -0.04557619047619075603, -0.09850000000000005973 ) ) ;
#1831 = CIRCLE ( 'NONE', #1630, 0.02099999999999999437 ) ;
#1832 = VERTEX_POINT ( 'NONE', #492 ) ;
#1833 = COLOUR_RGB ( '',1.000000000000000000, 1.000000000000000000, 1.000000000000000000 ) ;
#1834 = DIRECTION ( 'NONE',  ( -1.789846767492151894E-16, 0.000000000000000000, -1.000000000000000000 ) ) ;
#1835 = VERTEX_POINT ( 'NONE', #1152 ) ;
#1836 = CIRCLE ( 'NONE', #1957, 0.02099999999999999437 ) ;
#1837 = LINE ( 'NONE', #1813, #721 ) ;
#1838 = VECTOR ( 'NONE', #1134, 39.37007874015748143 ) ;
#1839 = DIRECTION ( 'NONE',  ( 0.000000000000000000, -1.000000000000000000, 0.000000000000000000 ) ) ;
#1840 = VERTEX_POINT ( 'NONE', #1130 ) ;
#1841 = CIRCLE ( 'NONE', #477, 0.02100293032991128184 ) ;
#1842 = AXIS2_PLACEMENT_3D ( 'NONE', #1428, #2243, #227 ) ;
#1843 = CARTESIAN_POINT ( 'NONE',  ( 0.08899999999999999578, 0.09099999999999999756, -0.04992642805504871051 ) ) ;
#1844 =( GEOMETRIC_REPRESENTATION_CONTEXT ( 3 ) GLOBAL_UNCERTAINTY_ASSIGNED_CONTEXT ( ( #2567 ) ) GLOBAL_UNIT_ASSIGNED_CONTEXT ( ( #2060, #351, #749 ) ) REPRESENTATION_CONTEXT ( 'NONE', 'WORKASPACE' ) );
#1845 = CARTESIAN_POINT ( 'NONE',  ( -0.08899999999999999578, 0.000000000000000000, -0.1510000000000001064 ) ) ;
#1846 = STYLED_ITEM ( 'NONE', ( #299 ), #2613 ) ;
#1847 = EDGE_LOOP ( 'NONE', ( #2133, #848 ) ) ;
#1848 = CARTESIAN_POINT ( 'NONE',  ( 0.06961818244494398511, -0.05709155785906510489, -0.1135000000000000314 ) ) ;
#1849 = CARTESIAN_POINT ( 'NONE',  ( -0.06961504524593303822, 0.000000000000000000, -0.1135000000000000314 ) ) ;
#1850 = ORIENTED_EDGE ( 'NONE', *, *, #1562, .F. ) ;
#1851 = ORIENTED_EDGE ( 'NONE', *, *, #2444, .F. ) ;
#1852 = SURFACE_STYLE_USAGE ( .BOTH. , #82 ) ;
#1853 = LENGTH_MEASURE_WITH_UNIT ( LENGTH_MEASURE( 0.02539999999999999897 ), #466 );
#1854 = ORIENTED_EDGE ( 'NONE', *, *, #2318, .F. ) ;
#1855 = DIRECTION ( 'NONE',  ( 0.000000000000000000, 1.000000000000000000, -0.000000000000000000 ) ) ;
#1856 = AXIS2_PLACEMENT_3D ( 'NONE', #807, #748, #1160 ) ;
#1857 = ADVANCED_FACE ( 'NONE', ( #1303 ), #538, .T. ) ;
#1858 = CARTESIAN_POINT ( 'NONE',  ( 0.000000000000000000, 0.1499999999999999667, 0.09899999999999994915 ) ) ;
#1859 = EDGE_LOOP ( 'NONE', ( #1188, #2367, #2432, #1010, #2466 ) ) ;
#1860 = EDGE_CURVE ( 'NONE', #1649, #1985, #1765, .T. ) ;
#1861 = ORIENTED_EDGE ( 'NONE', *, *, #1088, .F. ) ;
#1862 = PRESENTATION_STYLE_ASSIGNMENT (( #463 ) ) ;
#1863 = CARTESIAN_POINT ( 'NONE',  ( -0.02615151996457636130, -0.04649295498009109462, -0.1124392807392888549 ) ) ;
#1864 = SURFACE_STYLE_USAGE ( .BOTH. , #1086 ) ;
#1865 = ADVANCED_FACE ( 'NONE', ( #1775 ), #922, .F. ) ;
#1866 = CARTESIAN_POINT ( 'NONE',  ( 0.05000000000000000278, -0.05709448818897639583, -0.1270000000000000295 ) ) ;
#1867 = EDGE_CURVE ( 'NONE', #948, #920, #272, .T. ) ;
#1868 = CARTESIAN_POINT ( 'NONE',  ( -0.05749999999999999556, -0.05709253464102156256, -0.08638286328309109641 ) ) ;
#1869 = ORIENTED_EDGE ( 'NONE', *, *, #1037, .T. ) ;
#1870 = ADVANCED_FACE ( 'NONE', ( #714 ), #1534, .T. ) ;
#1871 = MECHANICAL_DESIGN_GEOMETRIC_PRESENTATION_REPRESENTATION (  '', ( #1233 ), #2332 ) ;
#1872 = DIRECTION ( 'NONE',  ( 0.000000000000000000, 3.752538452835526323E-16, -1.000000000000000000 ) ) ;
#1873 = VERTEX_POINT ( 'NONE', #1106 ) ;
#1874 = ORIENTED_EDGE ( 'NONE', *, *, #648, .T. ) ;
#1875 = VECTOR ( 'NONE', #2601, 39.37007874015748143 ) ;
#1876 = DIRECTION ( 'NONE',  ( 1.000000000000000000, 0.000000000000000000, 0.000000000000000000 ) ) ;
#1877 = VECTOR ( 'NONE', #1777, 39.37007874015748143 ) ;
#1878 = AXIS2_PLACEMENT_3D ( 'NONE', #276, #676, #481 ) ;
#1879 = LINE ( 'NONE', #1478, #2000 ) ;
#1880 = VECTOR ( 'NONE', #546, 39.37007874015748143 ) ;
#1881 = VECTOR ( 'NONE', #2034, 39.37007874015748143 ) ;
#1882 = CARTESIAN_POINT ( 'NONE',  ( 0.05750000000000000250, 0.000000000000000000, -0.08215151996457641104 ) ) ;
#1883 = ORIENTED_EDGE ( 'NONE', *, *, #682, .T. ) ;
#1884 = AXIS2_PLACEMENT_3D ( 'NONE', #326, #943, #957 ) ;
#1885 = LENGTH_MEASURE_WITH_UNIT ( LENGTH_MEASURE( 0.02539999999999999897 ), #2465 );
#1886 = EDGE_LOOP ( 'NONE', ( #671, #1424, #742, #933 ) ) ;
#1887 = EDGE_CURVE ( 'NONE', #661, #2175, #1468, .T. ) ;
#1888 = FILL_AREA_STYLE ('',( #273 ) ) ;
#1889 = FILL_AREA_STYLE_COLOUR ( '', #1347 ) ;
#1890 =( NAMED_UNIT ( * ) PLANE_ANGLE_UNIT ( ) SI_UNIT ( $, .RADIAN. ) );
#1891 = ADVANCED_FACE ( 'NONE', ( #741 ), #2411, .T. ) ;
#1892 = CARTESIAN_POINT ( 'NONE',  ( -0.05277725819201666696, -0.04852285932386472128, -0.08215151996457639716 ) ) ;
#1893 = CARTESIAN_POINT ( 'NONE',  ( 0.05000000000000000278, -0.04499999999999999833, -0.1060000000000000386 ) ) ;
#1894 = ORIENTED_EDGE ( 'NONE', *, *, #669, .T. ) ;
#1895 = PRESENTATION_LAYER_ASSIGNMENT (  '', '', ( #411 ) ) ;
#1896 = EDGE_CURVE ( 'NONE', #1923, #2516, #1822, .T. ) ;
#1897 = CARTESIAN_POINT ( 'NONE',  ( -0.05537620443083471344, -0.04741175664668353940, -0.1298484800354237079 ) ) ;
#1898 = ORIENTED_EDGE ( 'NONE', *, *, #1867, .T. ) ;
#1899 = LINE ( 'NONE', #2491, #1422 ) ;
#1900 =( NAMED_UNIT ( * ) PLANE_ANGLE_UNIT ( ) SI_UNIT ( $, .RADIAN. ) );
#1901 = DIRECTION ( 'NONE',  ( 8.659560562354947649E-17, 0.7071067811865462405, -0.7071067811865487940 ) ) ;
#1902 = LINE ( 'NONE', #897, #1554 ) ;
#1903 = ADVANCED_FACE ( 'NONE', ( #2215 ), #1633, .T. ) ;
#1904 = FACE_OUTER_BOUND ( 'NONE', #95, .T. ) ;
#1905 = DIRECTION ( 'NONE',  ( -1.789846767492151647E-16, 0.000000000000000000, -1.000000000000000000 ) ) ;
#1906 = ORIENTED_EDGE ( 'NONE', *, *, #1266, .T. ) ;
#1907 = DIRECTION ( 'NONE',  ( -0.000000000000000000, 1.000000000000000000, -0.000000000000000000 ) ) ;
#1908 = UNCERTAINTY_MEASURE_WITH_UNIT (LENGTH_MEASURE( 1.000000000000000082E-05 ), #44, 'distance_accuracy_value', 'NONE');
#1909 = EDGE_LOOP ( 'NONE', ( #1914, #869, #68, #1062, #37 ) ) ;
#1910 = CARTESIAN_POINT ( 'NONE',  ( 0.08071572875253808788, 0.2099999999999999367, 0.04992642805504871745 ) ) ;
#1911 = VERTEX_POINT ( 'NONE', #1784 ) ;
#1912 = VECTOR ( 'NONE', #269, 39.37007874015748143 ) ;
#1913 = CARTESIAN_POINT ( 'NONE',  ( -0.05000000000000000278, -0.05709155785906511182, -0.1060000000000000386 ) ) ;
#1914 = ORIENTED_EDGE ( 'NONE', *, *, #2051, .F. ) ;
#1915 = VECTOR ( 'NONE', #1962, 39.37007874015748143 ) ;
#1916 = MECHANICAL_DESIGN_GEOMETRIC_PRESENTATION_REPRESENTATION (  '', ( #1279 ), #2253 ) ;
#1917 =( CONVERSION_BASED_UNIT ( 'INCH', #1361 ) LENGTH_UNIT ( ) NAMED_UNIT ( #716 ) );
#1918 = DIRECTION ( 'NONE',  ( 0.000000000000000000, 0.000000000000000000, 1.000000000000000000 ) ) ;
#1919 =( GEOMETRIC_REPRESENTATION_CONTEXT ( 3 ) GLOBAL_UNCERTAINTY_ASSIGNED_CONTEXT ( ( #1738 ) ) GLOBAL_UNIT_ASSIGNED_CONTEXT ( ( #1917, #129, #1567 ) ) REPRESENTATION_CONTEXT ( 'NONE', 'WORKASPACE' ) );
#1920 = CARTESIAN_POINT ( 'NONE',  ( 0.05000000000000000278, -0.05709155785906511182, -0.1270029303299113344 ) ) ;
#1921 = AXIS2_PLACEMENT_3D ( 'NONE', #89, #486, #1905 ) ;
#1922 = FILL_AREA_STYLE ('',( #1731 ) ) ;
#1923 = VERTEX_POINT ( 'NONE', #1373 ) ;
#1924 =( CONVERSION_BASED_UNIT ( 'INCH', #1885 ) LENGTH_UNIT ( ) NAMED_UNIT ( #1390 ) );
#1925 = VECTOR ( 'NONE', #2405, 39.37007874015748143 ) ;
#1926 = VERTEX_POINT ( 'NONE', #221 ) ;
#1927 = EDGE_CURVE ( 'NONE', #1649, #2273, #328, .T. ) ;
#1928 = CARTESIAN_POINT ( 'NONE',  ( 0.08899999999999999578, 0.1899999999999999467, 0.03314443543150291660 ) ) ;
#1929 = ORIENTED_EDGE ( 'NONE', *, *, #1787, .T. ) ;
#1930 = PRESENTATION_LAYER_ASSIGNMENT (  '', '', ( #445 ) ) ;
#1931 = DIRECTION ( 'NONE',  ( 0.000000000000000000, -1.000000000000000000, 0.000000000000000000 ) ) ;
#1932 = DIRECTION ( 'NONE',  ( 0.000000000000000000, 0.000000000000000000, 1.000000000000000000 ) ) ;
#1933 = CARTESIAN_POINT ( 'NONE',  ( -0.06900000000000000577, 0.2099999999999999367, 0.04992642805504871051 ) ) ;
#1934 = CARTESIAN_POINT ( 'NONE',  ( 0.08899999999999999578, 0.09099999999999999756, -0.1510000000000000786 ) ) ;
#1935 = ORIENTED_EDGE ( 'NONE', *, *, #378, .T. ) ;
#1936 = DIRECTION ( 'NONE',  ( 1.000000000000000000, 0.000000000000000000, 0.000000000000000000 ) ) ;
#1937 = EDGE_LOOP ( 'NONE', ( #1433, #2576, #1288, #717 ) ) ;
#1938 =( NAMED_UNIT ( * ) PLANE_ANGLE_UNIT ( ) SI_UNIT ( $, .RADIAN. ) );
#1939 = EDGE_CURVE ( 'NONE', #2161, #2, #53, .T. ) ;
#1940 = CARTESIAN_POINT ( 'NONE',  ( 0.05643948641845251968, -0.04649277721452817203, -0.08215151996457641104 ) ) ;
#1941 = ORIENTED_EDGE ( 'NONE', *, *, #1939, .F. ) ;
#1942 = CARTESIAN_POINT ( 'NONE',  ( -0.03038495475406697080, -0.05709448818897639583, -0.09850000000000005973 ) ) ;
#1943 = CARTESIAN_POINT ( 'NONE',  ( 0.05750000000000000250, -0.05709155785906510489, -0.08638181755505607018 ) ) ;
#1944 = ADVANCED_FACE ( 'NONE', ( #989 ), #1434, .F. ) ;
#1945 = CARTESIAN_POINT ( 'NONE',  ( 0.08899999999999999578, 0.000000000000000000, 0.07000000000000007605 ) ) ;
#1946 = ADVANCED_FACE ( 'NONE', ( #1192 ), #2127, .T. ) ;
#1947 = ORIENTED_EDGE ( 'NONE', *, *, #1537, .T. ) ;
#1948 = LENGTH_MEASURE_WITH_UNIT ( LENGTH_MEASURE( 0.02539999999999999897 ), #1747 );
#1949 = ORIENTED_EDGE ( 'NONE', *, *, #982, .F. ) ;
#1950 = CARTESIAN_POINT ( 'NONE',  ( 0.06899999999999999190, 0.2099999999999999367, 0.04992642805504871051 ) ) ;
#1951 = DIRECTION ( 'NONE',  ( 0.000000000000000000, 0.000000000000000000, 1.000000000000000000 ) ) ;
#1952 = ORIENTED_EDGE ( 'NONE', *, *, #288, .F. ) ;
#1953 = CARTESIAN_POINT ( 'NONE',  ( 0.08899999999999999578, 0.000000000000000000, 0.07000000000000007605 ) ) ;
#1954 = CARTESIAN_POINT ( 'NONE',  ( 0.08899999999999999578, 0.2099999999999999367, 0.09899999999999994915 ) ) ;
#1955 = DIMENSIONAL_EXPONENTS ( 1.000000000000000000, 0.000000000000000000, 0.000000000000000000, 0.000000000000000000, 0.000000000000000000, 0.000000000000000000, 0.000000000000000000 ) ;
#1956 = LINE ( 'NONE', #2341, #2388 ) ;
#1957 = AXIS2_PLACEMENT_3D ( 'NONE', #1028, #1444, #420 ) ;
#1958 = FILL_AREA_STYLE ('',( #2182 ) ) ;
#1959 = EDGE_CURVE ( 'NONE', #316, #1092, #2039, .T. ) ;
#1960 = CARTESIAN_POINT ( 'NONE',  ( 0.08899999999999999578, 0.05999999999999997696, -0.07000000000000000666 ) ) ;
#1961 = VERTEX_POINT ( 'NONE', #2312 ) ;
#1962 = DIRECTION ( 'NONE',  ( 0.000000000000000000, -0.7660444431189743497, -0.6427876096865436928 ) ) ;
#1963 = CARTESIAN_POINT ( 'NONE',  ( 0.07245021632821477264, -0.04941897348264881473, -0.09850000000000005973 ) ) ;
#1964 = ORIENTED_EDGE ( 'NONE', *, *, #1083, .T. ) ;
#1965 =( LENGTH_UNIT ( ) NAMED_UNIT ( * ) SI_UNIT ( $, .METRE. ) );
#1966 = AXIS2_PLACEMENT_3D ( 'NONE', #1583, #165, #578 ) ;
#1967 = EDGE_CURVE ( 'NONE', #1352, #111, #1546, .T. ) ;
#1968 = CARTESIAN_POINT ( 'NONE',  ( 0.02615151996457637865, -0.04557619047619075603, -0.1135000000000000314 ) ) ;
#1969 = DIRECTION ( 'NONE',  ( 0.000000000000000000, 1.000000000000000000, -0.000000000000000000 ) ) ;
#1970 = ADVANCED_FACE ( 'NONE', ( #1309 ), #1244, .T. ) ;
#1971 = FILL_AREA_STYLE ('',( #376 ) ) ;
#1972 = DIRECTION ( 'NONE',  ( 0.000000000000000000, -1.000000000000000000, 0.000000000000000000 ) ) ;
#1973 = DIMENSIONAL_EXPONENTS ( 1.000000000000000000, 0.000000000000000000, 0.000000000000000000, 0.000000000000000000, 0.000000000000000000, 0.000000000000000000, 0.000000000000000000 ) ;
#1974 = SURFACE_STYLE_FILL_AREA ( #761 ) ;
#1975 = CARTESIAN_POINT ( 'NONE',  ( 0.05750000000000000250, -0.04499999999999999833, 0.000000000000000000 ) ) ;
#1976 = EDGE_LOOP ( 'NONE', ( #1610, #2317, #270, #140 ) ) ;
#1977 = LINE ( 'NONE', #2410, #1370 ) ;
#1978 = FILL_AREA_STYLE_COLOUR ( '', #1328 ) ;
#1979 = EDGE_LOOP ( 'NONE', ( #440, #2370, #1688, #2105 ) ) ;
#1980 = CARTESIAN_POINT ( 'NONE',  ( -0.04469822235391174986, -0.04730799843438833474, -0.08215151996457639716 ) ) ;
#1981 = STYLED_ITEM ( 'NONE', ( #1174 ), #55 ) ;
#1982 = EDGE_CURVE ( 'NONE', #2067, #1748, #1702, .T. ) ;
#1983 = FACE_OUTER_BOUND ( 'NONE', #1799, .T. ) ;
#1984 = CARTESIAN_POINT ( 'NONE',  ( -0.03038181755505602738, -0.05709155785906510489, -0.1135000000000000314 ) ) ;
#1985 = VERTEX_POINT ( 'NONE', #1720 ) ;
#1986 = DIRECTION ( 'NONE',  ( -1.000000000000000000, 0.000000000000000000, -0.000000000000000000 ) ) ;
#1987 = DIRECTION ( 'NONE',  ( 1.000000000000000000, 0.000000000000000000, 0.000000000000000000 ) ) ;
#1988 = UNCERTAINTY_MEASURE_WITH_UNIT (LENGTH_MEASURE( 1.000000000000000082E-05 ), #2031, 'distance_accuracy_value', 'NONE');
#1989 = ORIENTED_EDGE ( 'NONE', *, *, #1307, .T. ) ;
#1990 = SURFACE_SIDE_STYLE ('',( #586 ) ) ;
#1991 = PRESENTATION_LAYER_ASSIGNMENT (  '', '', ( #1187 ) ) ;
#1992 = FILL_AREA_STYLE_COLOUR ( '', #433 ) ;
#1993 = DIRECTION ( 'NONE',  ( 0.000000000000000000, 1.000000000000000000, 0.000000000000000000 ) ) ;
#1994 = AXIS2_PLACEMENT_3D ( 'NONE', #634, #2052, #2406 ) ;
#1995 = EDGE_CURVE ( 'NONE', #300, #1832, #77, .T. ) ;
#1996 = DIRECTION ( 'NONE',  ( 0.000000000000000000, 0.000000000000000000, 1.000000000000000000 ) ) ;
#1997 = PRESENTATION_LAYER_ASSIGNMENT (  '', '', ( #993 ) ) ;
#1998 = ORIENTED_EDGE ( 'NONE', *, *, #1681, .T. ) ;
#1999 = CARTESIAN_POINT ( 'NONE',  ( -0.05000000000000000278, -0.05709155785906511182, -0.1270029303299113344 ) ) ;
#2000 = VECTOR ( 'NONE', #2269, 39.37007874015748143 ) ;
#2001 = VECTOR ( 'NONE', #728, 39.37007874015748143 ) ;
#2002 = ORIENTED_EDGE ( 'NONE', *, *, #805, .F. ) ;
#2003 = CARTESIAN_POINT ( 'NONE',  ( 0.08899999999999999578, 0.000000000000000000, -0.1510000000000001064 ) ) ;
#2004 = CIRCLE ( 'NONE', #103, 0.01509448818897637414 ) ;
#2005 = CARTESIAN_POINT ( 'NONE',  ( -0.05000000000000000278, -0.05709155785906511182, -0.08499706967008875680 ) ) ;
#2006 = ORIENTED_EDGE ( 'NONE', *, *, #884, .T. ) ;
#2007 = ADVANCED_FACE ( 'NONE', ( #2298 ), #313, .F. ) ;
#2008 = DIMENSIONAL_EXPONENTS ( 1.000000000000000000, 0.000000000000000000, 0.000000000000000000, 0.000000000000000000, 0.000000000000000000, 0.000000000000000000, 0.000000000000000000 ) ;
#2009 = SURFACE_STYLE_FILL_AREA ( #1828 ) ;
#2010 = SURFACE_STYLE_FILL_AREA ( #1203 ) ;
#2011 = DIRECTION ( 'NONE',  ( 8.129365613371414017E-16, 0.000000000000000000, 1.000000000000000000 ) ) ;
#2012 = CARTESIAN_POINT ( 'NONE',  ( 0.05000000000000000278, -0.05709448818897639583, -0.08500000000000004774 ) ) ;
#2013 = EDGE_LOOP ( 'NONE', ( #2403, #794, #417, #1036 ) ) ;
#2014 = EDGE_CURVE ( 'NONE', #464, #780, #2071, .T. ) ;
#2015 = PRESENTATION_STYLE_ASSIGNMENT (( #1166 ) ) ;
#2016 = CARTESIAN_POINT ( 'NONE',  ( -0.06961504524593303822, -0.05709448818897639583, -0.09850000000000005973 ) ) ;
#2017 = EDGE_CURVE ( 'NONE', #1352, #1649, #2588, .T. ) ;
#2018 = VERTEX_POINT ( 'NONE', #1337 ) ;
#2019 = DIRECTION ( 'NONE',  ( -0.000000000000000000, 1.000000000000000000, -0.000000000000000000 ) ) ;
#2020 = ADVANCED_FACE ( 'NONE', ( #149 ), #2143, .F. ) ;
#2021 = CARTESIAN_POINT ( 'NONE',  ( 0.03038495475406697427, -0.04499999999999999833, -0.09850000000000005973 ) ) ;
#2022 = EDGE_LOOP ( 'NONE', ( #1670, #861, #2485, #1850 ) ) ;
#2023 = VECTOR ( 'NONE', #2435, 39.37007874015748143 ) ;
#2024 = LINE ( 'NONE', #2611, #1758 ) ;
#2025 = LINE ( 'NONE', #12, #653 ) ;
#2026 = CARTESIAN_POINT ( 'NONE',  ( 0.05750000000000000250, -0.05709448818897639583, -0.08638495475406701707 ) ) ;
#2027 = ORIENTED_EDGE ( 'NONE', *, *, #914, .F. ) ;
#2028 = PRESENTATION_STYLE_ASSIGNMENT (( #3 ) ) ;
#2029 = ORIENTED_EDGE ( 'NONE', *, *, #2394, .F. ) ;
#2030 = FACE_OUTER_BOUND ( 'NONE', #1886, .T. ) ;
#2031 =( CONVERSION_BASED_UNIT ( 'INCH', #787 ) LENGTH_UNIT ( ) NAMED_UNIT ( #1349 ) );
#2032 = ORIENTED_EDGE ( 'NONE', *, *, #1939, .T. ) ;
#2033 = FACE_OUTER_BOUND ( 'NONE', #1746, .T. ) ;
#2034 = DIRECTION ( 'NONE',  ( 0.000000000000000000, 1.000000000000000000, 0.000000000000000000 ) ) ;
#2035 = DIRECTION ( 'NONE',  ( 0.000000000000000000, 1.000000000000000000, -0.000000000000000000 ) ) ;
#2036 = ORIENTED_EDGE ( 'NONE', *, *, #1811, .T. ) ;
#2037 = EDGE_CURVE ( 'NONE', #920, #1135, #1704, .T. ) ;
#2038 = AXIS2_PLACEMENT_3D ( 'NONE', #2297, #1089, #887 ) ;
#2039 = LINE ( 'NONE', #423, #687 ) ;
#2040 = CARTESIAN_POINT ( 'NONE',  ( -0.05749999999999997474, 0.000000000000000000, 1.029161891307986957E-17 ) ) ;
#2041 = EDGE_LOOP ( 'NONE', ( #167, #2222, #1861, #992 ) ) ;
#2042 = DIRECTION ( 'NONE',  ( -0.000000000000000000, 0.000000000000000000, 1.000000000000000000 ) ) ;
#2043 = VECTOR ( 'NONE', #2393, 39.37007874015748143 ) ;
#2044 = ORIENTED_EDGE ( 'NONE', *, *, #555, .F. ) ;
#2045 = VECTOR ( 'NONE', #708, 39.37007874015748143 ) ;
#2046 = EDGE_CURVE ( 'NONE', #609, #2592, #1578, .T. ) ;
#2047 = DIRECTION ( 'NONE',  ( -0.000000000000000000, 1.000000000000000000, -0.000000000000000000 ) ) ;
#2048 = AXIS2_PLACEMENT_3D ( 'NONE', #192, #1855, #621 ) ;
#2049 = DIRECTION ( 'NONE',  ( -0.000000000000000000, -1.000000000000000000, 0.000000000000000000 ) ) ;
#2050 = MECHANICAL_DESIGN_GEOMETRIC_PRESENTATION_REPRESENTATION (  '', ( #2431 ), #1685 ) ;
#2051 = EDGE_CURVE ( 'NONE', #1439, #1092, #1956, .T. ) ;
#2052 = DIRECTION ( 'NONE',  ( 0.000000000000000000, 0.000000000000000000, -1.000000000000000000 ) ) ;
#2053 = EDGE_LOOP ( 'NONE', ( #2452, #1602, #356, #2477 ) ) ;
#2054 = CARTESIAN_POINT ( 'NONE',  ( 0.08899999999999999578, 0.09099999999999999756, -0.04992642805504871051 ) ) ;
#2055 = VERTEX_POINT ( 'NONE', #939 ) ;
#2056 = CARTESIAN_POINT ( 'NONE',  ( -0.05749999999999999556, -0.04557619047619073521, -0.08215151996457641104 ) ) ;
#2057 = FILL_AREA_STYLE ('',( #1291 ) ) ;
#2058 = ORIENTED_EDGE ( 'NONE', *, *, #639, .F. ) ;
#2059 = DIRECTION ( 'NONE',  ( 0.000000000000000000, 0.000000000000000000, 1.000000000000000000 ) ) ;
#2060 =( CONVERSION_BASED_UNIT ( 'INCH', #1256 ) LENGTH_UNIT ( ) NAMED_UNIT ( #1368 ) );
#2061 = ADVANCED_FACE ( 'NONE', ( #531 ), #1381, .T. ) ;
#2062 = COLOUR_RGB ( '',1.000000000000000000, 1.000000000000000000, 1.000000000000000000 ) ;
#2063 = CARTESIAN_POINT ( 'NONE',  ( 0.08899999999999999578, 0.000000000000000000, 0.09899999999999994915 ) ) ;
#2064 = EDGE_LOOP ( 'NONE', ( #2078, #2235, #1495, #685 ) ) ;
#2065 = CARTESIAN_POINT ( 'NONE',  ( 0.08899999999999999578, 0.09099999999999999756, -0.04992642805504871051 ) ) ;
#2066 = VERTEX_POINT ( 'NONE', #1757 ) ;
#2067 = VERTEX_POINT ( 'NONE', #2549 ) ;
#2068 = CARTESIAN_POINT ( 'NONE',  ( 0.000000000000000000, 0.1499999999999999667, 0.09899999999999994915 ) ) ;
#2069 = LENGTH_MEASURE_WITH_UNIT ( LENGTH_MEASURE( 0.02539999999999999897 ), #1676 );
#2070 = CARTESIAN_POINT ( 'NONE',  ( 0.04250000000000001693, 0.000000000000000000, -0.1256150452459330602 ) ) ;
#2071 = B_SPLINE_CURVE_WITH_KNOTS ( 'NONE', 3,
 ( #2326, #511, #1323, #2128 ),
 .UNSPECIFIED., .F., .F.,
 ( 4, 4 ),
 ( 2.287560554740836538E-07, 0.0003118310694628087043 ),
 .UNSPECIFIED. ) ;
#2072 = CARTESIAN_POINT ( 'NONE',  ( -0.05643970098412292441, -0.04649259176848447722, -0.08215151996457641104 ) ) ;
#2073 = VERTEX_POINT ( 'NONE', #542 ) ;
#2074 = EDGE_CURVE ( 'NONE', #2172, #1386, #1351, .T. ) ;
#2075 = CARTESIAN_POINT ( 'NONE',  ( 0.08899999999999999578, 0.000000000000000000, 0.07000000000000007605 ) ) ;
#2076 = VERTEX_POINT ( 'NONE', #2365 ) ;
#2077 = CARTESIAN_POINT ( 'NONE',  ( 0.07384848003542364425, -0.04649241410779956368, -0.09956009345805995336 ) ) ;
#2078 = ORIENTED_EDGE ( 'NONE', *, *, #2327, .T. ) ;
#2079 = VECTOR ( 'NONE', #972, 39.37007874015748143 ) ;
#2080 = CARTESIAN_POINT ( 'NONE',  ( -0.04250000000000000999, -0.04499999999999999833, 0.000000000000000000 ) ) ;
#2081 = AXIS2_PLACEMENT_3D ( 'NONE', #2180, #1969, #1789 ) ;
#2082 = DIRECTION ( 'NONE',  ( 1.000000000000000000, -0.000000000000000000, 0.000000000000000000 ) ) ;
#2083 = STYLED_ITEM ( 'NONE', ( #873 ), #1669 ) ;
#2084 = PRESENTATION_STYLE_ASSIGNMENT (( #1278 ) ) ;
#2085 = EDGE_CURVE ( 'NONE', #1776, #1552, #2561, .T. ) ;
#2086 = VECTOR ( 'NONE', #1264, 39.37007874015748854 ) ;
#2087 = PLANE ( 'NONE',  #190 ) ;
#2088 = ORIENTED_EDGE ( 'NONE', *, *, #648, .F. ) ;
#2089 = ORIENTED_EDGE ( 'NONE', *, *, #1063, .T. ) ;
#2090 = CARTESIAN_POINT ( 'NONE',  ( 0.07384848003542364425, -0.04730343922437855314, -0.1006906492028658145 ) ) ;
#2091 = VERTEX_POINT ( 'NONE', #746 ) ;
#2092 = ADVANCED_FACE ( 'NONE', ( #2395 ), #1569, .T. ) ;
#2093 = FACE_OUTER_BOUND ( 'NONE', #1621, .T. ) ;
#2094 = SURFACE_SIDE_STYLE ('',( #2268 ) ) ;
#2095 = CARTESIAN_POINT ( 'NONE',  ( 0.05000000000000000278, -0.05709155785906511182, -0.1060000000000000386 ) ) ;
#2096 = ADVANCED_FACE ( 'NONE', ( #361 ), #777, .F. ) ;
#2097 = DIRECTION ( 'NONE',  ( -0.000000000000000000, 1.000000000000000000, -0.000000000000000000 ) ) ;
#2098 = CARTESIAN_POINT ( 'NONE',  ( 0.000000000000000000, -0.04499999999999999833, -0.1135000000000000314 ) ) ;
#2099 = ORIENTED_EDGE ( 'NONE', *, *, #751, .F. ) ;
#2100 = CLOSED_SHELL ( 'NONE', ( #2595, #2513, #1946, #146, #362, #588, #2270, #2245, #2092, #2436, #1944, #210, #2096, #1865, #1689, #2330, #919, #1870, #1857, #2007, #1891, #385, #1302, #2562, #2483, #1825, #930, #329, #2487, #2159, #1515, #1050, #2061, #2344, #1741, #303, #2544, #92, #663, #1604, #719, #1903, #537, #76, #284, #2324, #142, #1397, #2355, #2020, #1270, #450, #499, #2613, #14, #1669, #55, #1970, #2284, #739, #1189, #849, #2379, #1139, #1213 ) ) ;
#2101 = B_SPLINE_CURVE_WITH_KNOTS ( 'NONE', 3,
 ( #88, #979, #1568, #2353, #1336, #2534 ),
 .UNSPECIFIED., .F., .F.,
 ( 4, 2, 4 ),
 ( -0.0002440764110120315100, -3.352089098414634343E-05, 0.0001770346290437388231 ),
 .UNSPECIFIED. ) ;
#2102 = CARTESIAN_POINT ( 'NONE',  ( 0.03038495475406697427, -0.05709448818897639583, -0.1135000000000000314 ) ) ;
#2103 = EDGE_LOOP ( 'NONE', ( #1046, #2299, #354, #643, #1194, #225 ) ) ;
#2104 = CARTESIAN_POINT ( 'NONE',  ( 0.08899999999999999578, 0.000000000000000000, 0.09899999999999994915 ) ) ;
#2105 = ORIENTED_EDGE ( 'NONE', *, *, #489, .F. ) ;
#2106 = CARTESIAN_POINT ( 'NONE',  ( 0.000000000000000000, -0.04499999999999999833, -0.1298484800354236801 ) ) ;
#2107 = ORIENTED_EDGE ( 'NONE', *, *, #2124, .F. ) ;
#2108 = DIRECTION ( 'NONE',  ( 0.000000000000000000, -1.000000000000000000, 0.000000000000000000 ) ) ;
#2109 = DIRECTION ( 'NONE',  ( 0.000000000000000000, 1.000000000000000000, -0.000000000000000000 ) ) ;
#2110 = SURFACE_STYLE_FILL_AREA ( #1295 ) ;
#2111 = CARTESIAN_POINT ( 'NONE',  ( 0.04250000000000001693, -0.04557619047619073521, -0.08215151996457641104 ) ) ;
#2112 = LENGTH_MEASURE_WITH_UNIT ( LENGTH_MEASURE( 0.02539999999999999897 ), #840 );
#2113 = SURFACE_STYLE_USAGE ( .BOTH. , #1102 ) ;
#2114 = EDGE_CURVE ( 'NONE', #2329, #1961, #1723, .T. ) ;
#2115 = DIRECTION ( 'NONE',  ( 0.000000000000000000, 1.000000000000000000, 0.000000000000000000 ) ) ;
#2116 = ORIENTED_EDGE ( 'NONE', *, *, #2441, .F. ) ;
#2117 = CARTESIAN_POINT ( 'NONE',  ( -0.04250000000000000999, 0.000000000000000000, -0.1298484800354236801 ) ) ;
#2118 = DIRECTION ( 'NONE',  ( -0.000000000000000000, 0.000000000000000000, 1.000000000000000000 ) ) ;
#2119 = ORIENTED_EDGE ( 'NONE', *, *, #1088, .T. ) ;
#2120 = VECTOR ( 'NONE', #1783, 39.37007874015748143 ) ;
#2121 = CARTESIAN_POINT ( 'NONE',  ( -0.04356051358154749281, -0.04649277721452817203, -0.08215151996457641104 ) ) ;
#2122 = AXIS2_PLACEMENT_3D ( 'NONE', #834, #2206, #1817 ) ;
#2123 = CARTESIAN_POINT ( 'NONE',  ( -0.05749999999999999556, 0.000000000000000000, -0.08215151996457641104 ) ) ;
#2124 = EDGE_CURVE ( 'NONE', #535, #2073, #1469, .T. ) ;
#2125 = AXIS2_PLACEMENT_3D ( 'NONE', #1954, #1768, #2558 ) ;
#2126 = SURFACE_SIDE_STYLE ('',( #549 ) ) ;
#2127 = CONICAL_SURFACE ( 'NONE', #1200, 0.02099999999999999437, 0.7853981633974501664 ) ;
#2128 = CARTESIAN_POINT ( 'NONE',  ( -0.07384848003542363037, -0.04557619047619075603, -0.1135000000000000314 ) ) ;
#2129 = ORIENTED_EDGE ( 'NONE', *, *, #1711, .T. ) ;
#2130 = VECTOR ( 'NONE', #1453, 39.37007874015748143 ) ;
#2131 = EDGE_CURVE ( 'NONE', #2, #661, #1121, .T. ) ;
#2132 = VECTOR ( 'NONE', #1400, 39.37007874015748143 ) ;
#2133 = ORIENTED_EDGE ( 'NONE', *, *, #1705, .F. ) ;
#2134 = ORIENTED_EDGE ( 'NONE', *, *, #1700, .T. ) ;
#2135 = AXIS2_PLACEMENT_3D ( 'NONE', #1271, #281, #662 ) ;
#2136 = EDGE_CURVE ( 'NONE', #788, #2510, #691, .T. ) ;
#2137 = DIRECTION ( 'NONE',  ( -0.000000000000000000, 1.000000000000000000, -0.000000000000000000 ) ) ;
#2138 = ORIENTED_EDGE ( 'NONE', *, *, #529, .T. ) ;
#2139 = CARTESIAN_POINT ( 'NONE',  ( -0.05749999999999999556, -0.05709448818897639583, -0.08638495475406700319 ) ) ;
#2140 = CARTESIAN_POINT ( 'NONE',  ( 0.08899999999999999578, 0.1899999999999999467, 0.09899999999999994915 ) ) ;
#2141 = DIMENSIONAL_EXPONENTS ( 1.000000000000000000, 0.000000000000000000, 0.000000000000000000, 0.000000000000000000, 0.000000000000000000, 0.000000000000000000, 0.000000000000000000 ) ;
#2142 = EDGE_CURVE ( 'NONE', #1926, #1114, #2004, .T. ) ;
#2143 = PLANE ( 'NONE',  #825 ) ;
#2144 = ORIENTED_EDGE ( 'NONE', *, *, #183, .F. ) ;
#2145 = PLANE ( 'NONE',  #1884 ) ;
#2146 = VECTOR ( 'NONE', #543, 39.37007874015748143 ) ;
#2147 = EDGE_LOOP ( 'NONE', ( #1448, #1076, #559, #1998, #2241 ) ) ;
#2148 = PRESENTATION_STYLE_ASSIGNMENT (( #2174 ) ) ;
#2149 = DIRECTION ( 'NONE',  ( 0.000000000000000000, -1.000000000000000000, 0.000000000000000000 ) ) ;
#2150 = ORIENTED_EDGE ( 'NONE', *, *, #2051, .T. ) ;
#2151 = CARTESIAN_POINT ( 'NONE',  ( -0.03038181755505603085, -0.05709155785906511182, -0.09850000000000005973 ) ) ;
#2152 = FACE_OUTER_BOUND ( 'NONE', #1590, .T. ) ;
#2153 =( LENGTH_UNIT ( ) NAMED_UNIT ( * ) SI_UNIT ( $, .METRE. ) );
#2154 = CARTESIAN_POINT ( 'NONE',  ( 0.04250000000000001693, -0.04499999999999999833, -0.1256150452459330602 ) ) ;
#2155 = LENGTH_MEASURE_WITH_UNIT ( LENGTH_MEASURE( 0.02539999999999999897 ), #709 );
#2156 = DIMENSIONAL_EXPONENTS ( 1.000000000000000000, 0.000000000000000000, 0.000000000000000000, 0.000000000000000000, 0.000000000000000000, 0.000000000000000000, 0.000000000000000000 ) ;
#2157 = CARTESIAN_POINT ( 'NONE',  ( -0.03038495475406697080, 0.000000000000000000, -0.1135000000000000314 ) ) ;
#2158 = ORIENTED_EDGE ( 'NONE', *, *, #2142, .T. ) ;
#2159 = ADVANCED_FACE ( 'NONE', ( #418 ), #216, .T. ) ;
#2160 = CARTESIAN_POINT ( 'NONE',  ( 0.08899999999999999578, 0.000000000000000000, -0.1510000000000001064 ) ) ;
#2161 = VERTEX_POINT ( 'NONE', #1025 ) ;
#2162 = CARTESIAN_POINT ( 'NONE',  ( 0.05900000000000000383, 0.1499999999999999667, 0.09899999999999994915 ) ) ;
#2163 = LINE ( 'NONE', #1318, #1281 ) ;
#2164 = CONICAL_SURFACE ( 'NONE', #941, 0.02099999999999999437, 0.7853981633974501664 ) ;
#2165 = EDGE_CURVE ( 'NONE', #2528, #214, #2434, .T. ) ;
#2166 = CIRCLE ( 'NONE', #2542, 0.02099999999999999437 ) ;
#2167 = FACE_OUTER_BOUND ( 'NONE', #1107, .T. ) ;
#2168 = PRESENTATION_STYLE_ASSIGNMENT (( #1365 ) ) ;
#2169 = COLOUR_RGB ( '',1.000000000000000000, 1.000000000000000000, 1.000000000000000000 ) ;
#2170 = FACE_OUTER_BOUND ( 'NONE', #1937, .T. ) ;
#2171 = COLOUR_RGB ( '',1.000000000000000000, 1.000000000000000000, 1.000000000000000000 ) ;
#2172 = VERTEX_POINT ( 'NONE', #2418 ) ;
#2173 = CIRCLE ( 'NONE', #908, 0.05900000000000000383 ) ;
#2174 = SURFACE_STYLE_USAGE ( .BOTH. , #1342 ) ;
#2175 = VERTEX_POINT ( 'NONE', #604 ) ;
#2176 = EDGE_CURVE ( 'NONE', #853, #1923, #1643, .T. ) ;
#2177 = DIRECTION ( 'NONE',  ( 1.000000000000000000, 0.000000000000000000, 0.000000000000000000 ) ) ;
#2178 = PRESENTATION_LAYER_ASSIGNMENT (  '', '', ( #1514 ) ) ;
#2179 = DIRECTION ( 'NONE',  ( 0.000000000000000000, -1.000000000000000000, 1.138269997360110167E-15 ) ) ;
#2180 = CARTESIAN_POINT ( 'NONE',  ( -0.05000000000000000278, 0.000000000000000000, -0.1060000000000000386 ) ) ;
#2181 = DIRECTION ( 'NONE',  ( 0.000000000000000000, 0.7071067811865462405, 0.7071067811865487940 ) ) ;
#2182 = FILL_AREA_STYLE_COLOUR ( '', #2605 ) ;
#2183 = ORIENTED_EDGE ( 'NONE', *, *, #366, .F. ) ;
#2184 = FACE_BOUND ( 'NONE', #2518, .T. ) ;
#2185 = B_SPLINE_CURVE_WITH_KNOTS ( 'NONE', 3,
 ( #321, #718, #704, #508 ),
 .UNSPECIFIED., .F., .F.,
 ( 4, 4 ),
 ( 0.000000000000000000, 1.090392476416263033E-07 ),
 .UNSPECIFIED. ) ;
#2186 = CARTESIAN_POINT ( 'NONE',  ( -0.04250000000000000999, -0.04499999999999999833, 0.000000000000000000 ) ) ;
#2187 = ORIENTED_EDGE ( 'NONE', *, *, #1326, .T. ) ;
#2188 = PLANE ( 'NONE',  #426 ) ;
#2189 = MECHANICAL_DESIGN_GEOMETRIC_PRESENTATION_REPRESENTATION (  '', ( #1260 ), #1483 ) ;
#2190 = CARTESIAN_POINT ( 'NONE',  ( -0.08899999999999999578, 0.000000000000000000, -0.07000000000000007605 ) ) ;
#2191 = EDGE_CURVE ( 'NONE', #1781, #809, #1041, .T. ) ;
#2192 = DIRECTION ( 'NONE',  ( -1.000000000000000000, -0.000000000000000000, -0.000000000000000000 ) ) ;
#2193 = CARTESIAN_POINT ( 'NONE',  ( 0.06961504524593303822, 0.000000000000000000, -0.1135000000000000314 ) ) ;
#2194 = ADVANCED_BREP_SHAPE_REPRESENTATION ( 'SLP3-150-100-F', ( #1165, #278 ), #1053 ) ;
#2195 = EDGE_CURVE ( 'NONE', #2536, #1560, #1013, .T. ) ;
#2196 = CARTESIAN_POINT ( 'NONE',  ( 0.06961504524593303822, -0.05709448818897639583, -0.09850000000000005973 ) ) ;
#2197 = ORIENTED_EDGE ( 'NONE', *, *, #1860, .F. ) ;
#2198 = CARTESIAN_POINT ( 'NONE',  ( 0.07104261524156367524, -0.05325839808708392881, -0.1135000000000000314 ) ) ;
#2199 = CARTESIAN_POINT ( 'NONE',  ( 0.05000000000000000278, -0.05709448818897639583, -0.1060000000000000386 ) ) ;
#2200 = SURFACE_SIDE_STYLE ('',( #1249 ) ) ;
#2201 = EDGE_LOOP ( 'NONE', ( #1082, #1246, #1104, #367, #1408 ) ) ;
#2202 = CARTESIAN_POINT ( 'NONE',  ( -0.05000000000000000278, -0.04499999999999999833, -0.1060000000000000386 ) ) ;
#2203 = PRESENTATION_STYLE_ASSIGNMENT (( #617 ) ) ;
#2204 = ORIENTED_EDGE ( 'NONE', *, *, #2037, .T. ) ;
#2205 = AXIS2_PLACEMENT_3D ( 'NONE', #2202, #2239, #2219 ) ;
#2206 = DIRECTION ( 'NONE',  ( 0.000000000000000000, 0.000000000000000000, 1.000000000000000000 ) ) ;
#2207 = CARTESIAN_POINT ( 'NONE',  ( 0.05000000000000000278, -0.04499999999999999833, -0.1060000000000000386 ) ) ;
#2208 = CARTESIAN_POINT ( 'NONE',  ( -0.04250000000000000999, 0.000000000000000000, -0.08638495475406701707 ) ) ;
#2209 = CIRCLE ( 'NONE', #770, 0.05900000000000000383 ) ;
#2210 = DIMENSIONAL_EXPONENTS ( 1.000000000000000000, 0.000000000000000000, 0.000000000000000000, 0.000000000000000000, 0.000000000000000000, 0.000000000000000000, 0.000000000000000000 ) ;
#2211 = COLOUR_RGB ( '',1.000000000000000000, 1.000000000000000000, 1.000000000000000000 ) ;
#2212 = ORIENTED_EDGE ( 'NONE', *, *, #395, .T. ) ;
#2213 = CARTESIAN_POINT ( 'NONE',  ( 0.04722274180798331084, -0.04852285932386472128, -0.08215151996457639716 ) ) ;
#2214 = PRESENTATION_LAYER_ASSIGNMENT (  '', '', ( #392 ) ) ;
#2215 = FACE_OUTER_BOUND ( 'NONE', #1207, .T. ) ;
#2216 = CARTESIAN_POINT ( 'NONE',  ( 0.04250000000000001693, -0.05709448818897639583, -0.1256150452459330880 ) ) ;
#2217 = AXIS2_PLACEMENT_3D ( 'NONE', #2080, #657, #1476 ) ;
#2218 = ORIENTED_EDGE ( 'NONE', *, *, #1326, .F. ) ;
#2219 = DIRECTION ( 'NONE',  ( 0.000000000000000000, 0.000000000000000000, 1.000000000000000000 ) ) ;
#2220 = AXIS2_PLACEMENT_3D ( 'NONE', #1058, #1183, #789 ) ;
#2221 = AXIS2_PLACEMENT_3D ( 'NONE', #1729, #2097, #2323 ) ;
#2222 = ORIENTED_EDGE ( 'NONE', *, *, #1995, .T. ) ;
#2223 =( CONVERSION_BASED_UNIT ( 'INCH', #1426 ) LENGTH_UNIT ( ) NAMED_UNIT ( #342 ) );
#2224 = B_SPLINE_CURVE_WITH_KNOTS ( 'NONE', 3,
 ( #1728, #2546, #526, #733 ),
 .UNSPECIFIED., .F., .F.,
 ( 4, 4 ),
 ( 2.287560554741209762E-07, 0.0003118310694628097885 ),
 .UNSPECIFIED. ) ;
#2225 = FACE_OUTER_BOUND ( 'NONE', #2041, .T. ) ;
#2226 = CARTESIAN_POINT ( 'NONE',  ( -0.07384848003542363037, -0.04557619047619075603, -0.09850000000000005973 ) ) ;
#2227 = ORIENTED_EDGE ( 'NONE', *, *, #1111, .F. ) ;
#2228 = DIRECTION ( 'NONE',  ( 0.000000000000000000, -0.000000000000000000, 1.000000000000000000 ) ) ;
#2229 = VERTEX_POINT ( 'NONE', #1653 ) ;
#2230 = PLANE ( 'NONE',  #1073 ) ;
#2231 = B_SPLINE_CURVE_WITH_KNOTS ( 'NONE', 3,
 ( #1141, #2556, #1315, #1751, #1940, #1527 ),
 .UNSPECIFIED., .F., .F.,
 ( 4, 2, 4 ),
 ( 3.395174071510498901E-05, 0.0001397639085545601418, 0.0002455760763940152539 ),
 .UNSPECIFIED. ) ;
#2232 = ORIENTED_EDGE ( 'NONE', *, *, #791, .T. ) ;
#2233 = DIRECTION ( 'NONE',  ( 0.000000000000000000, 0.7660444431189743497, 0.6427876096865436928 ) ) ;
#2234 = LINE ( 'NONE', #242, #1875 ) ;
#2235 = ORIENTED_EDGE ( 'NONE', *, *, #1044, .F. ) ;
#2236 = DIRECTION ( 'NONE',  ( 0.000000000000000000, 0.000000000000000000, 1.000000000000000000 ) ) ;
#2237 = EDGE_CURVE ( 'NONE', #1092, #1522, #2025, .T. ) ;
#2238 = ORIENTED_EDGE ( 'NONE', *, *, #462, .F. ) ;
#2239 = DIRECTION ( 'NONE',  ( -0.000000000000000000, 1.000000000000000000, -0.000000000000000000 ) ) ;
#2240 = CARTESIAN_POINT ( 'NONE',  ( -0.02615151996457636130, -0.04852429881813949408, -0.1087723658092950990 ) ) ;
#2241 = ORIENTED_EDGE ( 'NONE', *, *, #1559, .T. ) ;
#2242 = EDGE_CURVE ( 'NONE', #2528, #1339, #2449, .T. ) ;
#2243 = DIRECTION ( 'NONE',  ( 0.000000000000000000, -1.000000000000000000, 0.000000000000000000 ) ) ;
#2244 = MECHANICAL_DESIGN_GEOMETRIC_PRESENTATION_REPRESENTATION (  '', ( #1187 ), #50 ) ;
#2245 = ADVANCED_FACE ( 'NONE', ( #2225 ), #406, .T. ) ;
#2246 = DIRECTION ( 'NONE',  ( 0.000000000000000000, 0.7071067811865462405, 0.7071067811865487940 ) ) ;
#2247 = AXIS2_PLACEMENT_3D ( 'NONE', #1231, #2035, #396 ) ;
#2248 = EDGE_LOOP ( 'NONE', ( #1473, #2415, #1094, #1564 ) ) ;
#2249 = AXIS2_PLACEMENT_3D ( 'NONE', #1530, #1146, #360 ) ;
#2250 = FILL_AREA_STYLE_COLOUR ( '', #954 ) ;
#2251 = UNCERTAINTY_MEASURE_WITH_UNIT (LENGTH_MEASURE( 1.000000000000000082E-05 ), #258, 'distance_accuracy_value', 'NONE');
#2252 = ORIENTED_EDGE ( 'NONE', *, *, #619, .T. ) ;
#2253 =( GEOMETRIC_REPRESENTATION_CONTEXT ( 3 ) GLOBAL_UNCERTAINTY_ASSIGNED_CONTEXT ( ( #1606 ) ) GLOBAL_UNIT_ASSIGNED_CONTEXT ( ( #2223, #1890, #2506 ) ) REPRESENTATION_CONTEXT ( 'NONE', 'WORKASPACE' ) );
#2254 = CARTESIAN_POINT ( 'NONE',  ( -0.05749999999999999556, -0.04499999999999999833, -0.1256150452459330602 ) ) ;
#2255 = AXIS2_PLACEMENT_3D ( 'NONE', #97, #1931, #1331 ) ;
#2256 = CARTESIAN_POINT ( 'NONE',  ( -0.05749999999999999556, -0.04941897348264882167, -0.08354978367178528265 ) ) ;
#2257 = ORIENTED_EDGE ( 'NONE', *, *, #1927, .F. ) ;
#2258 = CARTESIAN_POINT ( 'NONE',  ( -0.03038495475406697080, -0.05709448818897639583, -0.1135000000000000314 ) ) ;
#2259 = MECHANICAL_DESIGN_GEOMETRIC_PRESENTATION_REPRESENTATION (  '', ( #445 ), #312 ) ;
#2260 = CARTESIAN_POINT ( 'NONE',  ( 0.05000000000000000278, -0.06300000000000000044, -0.1060000000000000386 ) ) ;
#2261 = AXIS2_PLACEMENT_3D ( 'NONE', #482, #1918, #1987 ) ;
#2262 = CARTESIAN_POINT ( 'NONE',  ( -0.05749999999999999556, -0.05709351141765947601, -0.08638390901609403760 ) ) ;
#2263 = EDGE_LOOP ( 'NONE', ( #1056, #1437, #1259, #182 ) ) ;
#2264 = CARTESIAN_POINT ( 'NONE',  ( 0.000000000000000000, 0.000000000000000000, -0.08215151996457641104 ) ) ;
#2265 = ORIENTED_EDGE ( 'NONE', *, *, #2327, .F. ) ;
#2266 = PLANE ( 'NONE',  #1539 ) ;
#2267 = CARTESIAN_POINT ( 'NONE',  ( -0.07384848003542363037, 0.000000000000000000, -0.1135000000000000314 ) ) ;
#2268 = SURFACE_STYLE_FILL_AREA ( #2057 ) ;
#2269 = DIRECTION ( 'NONE',  ( 0.000000000000000000, 1.000000000000000000, 0.000000000000000000 ) ) ;
#2270 = ADVANCED_FACE ( 'NONE', ( #1664 ), #2460, .T. ) ;
#2271 = B_SPLINE_CURVE_WITH_KNOTS ( 'NONE', 3,
 ( #2258, #1306, #1255, #296 ),
 .UNSPECIFIED., .F., .F.,
 ( 4, 4 ),
 ( 0.000000000000000000, 1.090392476413198362E-07 ),
 .UNSPECIFIED. ) ;
#2272 = DIRECTION ( 'NONE',  ( 0.000000000000000000, 0.000000000000000000, 1.000000000000000000 ) ) ;
#2273 = VERTEX_POINT ( 'NONE', #2598 ) ;
#2274 = EDGE_CURVE ( 'NONE', #2055, #1031, #1682, .T. ) ;
#2275 = CARTESIAN_POINT ( 'NONE',  ( 0.08899999999999999578, 0.000000000000000000, -0.07000000000000007605 ) ) ;
#2276 = ORIENTED_EDGE ( 'NONE', *, *, #1782, .F. ) ;
#2277 = LINE ( 'NONE', #2104, #1275 ) ;
#2278 = CARTESIAN_POINT ( 'NONE',  ( -0.05749999999999999556, -0.05709448818897639583, -0.1256150452459330880 ) ) ;
#2279 =( NAMED_UNIT ( * ) SI_UNIT ( $, .STERADIAN. ) SOLID_ANGLE_UNIT ( ) );
#2280 = SURFACE_STYLE_FILL_AREA ( #1490 ) ;
#2281 = LINE ( 'NONE', #1491, #1503 ) ;
#2282 = ORIENTED_EDGE ( 'NONE', *, *, #462, .T. ) ;
#2283 = CARTESIAN_POINT ( 'NONE',  ( 0.03038390901609399480, -0.05709351141765947601, -0.1135000000000000314 ) ) ;
#2284 = ADVANCED_FACE ( 'NONE', ( #1412 ), #1430, .T. ) ;
#2285 = ORIENTED_EDGE ( 'NONE', *, *, #314, .T. ) ;
#2286 = CARTESIAN_POINT ( 'NONE',  ( 0.08899999999999999578, 0.05999999999999997696, -0.07000000000000000666 ) ) ;
#2287 = EDGE_LOOP ( 'NONE', ( #1785, #673, #2346, #1941, #2499 ) ) ;
#2288 = AXIS2_PLACEMENT_3D ( 'NONE', #2457, #444, #1499 ) ;
#2289 = FACE_OUTER_BOUND ( 'NONE', #2201, .T. ) ;
#2290 = PLANE ( 'NONE',  #91 ) ;
#2291 = VECTOR ( 'NONE', #2179, 39.37007874015748143 ) ;
#2292 = CARTESIAN_POINT ( 'NONE',  ( 0.1000000000000000056, 0.000000000000000000, -0.08215151996457641104 ) ) ;
#2293 = CARTESIAN_POINT ( 'NONE',  ( 0.1000000000000000056, -0.04499999999999999833, -0.09850000000000005973 ) ) ;
#2294 = MECHANICAL_DESIGN_GEOMETRIC_PRESENTATION_REPRESENTATION (  '', ( #233 ), #1284 ) ;
#2295 = APPLICATION_CONTEXT ( 'automotive_design' ) ;
#2296 = AXIS2_PLACEMENT_3D ( 'NONE', #1581, #1790, #550 ) ;
#2297 = CARTESIAN_POINT ( 'NONE',  ( 0.06899999999999999190, 0.1899999999999999467, 0.09899999999999994915 ) ) ;
#2298 = FACE_OUTER_BOUND ( 'NONE', #2147, .T. ) ;
#2299 = ORIENTED_EDGE ( 'NONE', *, *, #2408, .T. ) ;
#2300 = PRESENTATION_LAYER_ASSIGNMENT (  '', '', ( #2431 ) ) ;
#2301 = CARTESIAN_POINT ( 'NONE',  ( -0.05750000000000000250, -0.04557619047619072133, -0.1298484800354236801 ) ) ;
#2302 = ORIENTED_EDGE ( 'NONE', *, *, #1111, .T. ) ;
#2303 = LENGTH_MEASURE_WITH_UNIT ( LENGTH_MEASURE( 0.02539999999999999897 ), #46 );
#2304 = LINE ( 'NONE', #1550, #2001 ) ;
#2305 = PRESENTATION_STYLE_ASSIGNMENT (( #1864 ) ) ;
#2306 = PRESENTATION_STYLE_ASSIGNMENT (( #1443 ) ) ;
#2307 = EDGE_CURVE ( 'NONE', #780, #853, #2507, .T. ) ;
#2308 = LINE ( 'NONE', #494, #865 ) ;
#2309 = CARTESIAN_POINT ( 'NONE',  ( -0.08899999999999999578, 0.09099999999999999756, -0.1510000000000000786 ) ) ;
#2310 = CARTESIAN_POINT ( 'NONE',  ( -0.08899999999999999578, 0.1899999999999999467, 0.000000000000000000 ) ) ;
#2311 = EDGE_CURVE ( 'NONE', #371, #501, #1601, .T. ) ;
#2312 = CARTESIAN_POINT ( 'NONE',  ( -0.04250000000000000999, 0.000000000000000000, -0.1256150452459330602 ) ) ;
#2313 = ORIENTED_EDGE ( 'NONE', *, *, #2360, .F. ) ;
#2314 = SURFACE_STYLE_FILL_AREA ( #652 ) ;
#2315 = ORIENTED_EDGE ( 'NONE', *, *, #872, .T. ) ;
#2316 = CARTESIAN_POINT ( 'NONE',  ( -0.08899999999999999578, 0.2099999999999999367, 0.04992642805504871051 ) ) ;
#2317 = ORIENTED_EDGE ( 'NONE', *, *, #1867, .F. ) ;
#2318 = EDGE_CURVE ( 'NONE', #1114, #1926, #694, .T. ) ;
#2319 = CARTESIAN_POINT ( 'NONE',  ( -0.05000000000000000278, -0.06300000000000000044, -0.1060000000000000386 ) ) ;
#2320 = EDGE_LOOP ( 'NONE', ( #769, #1327, #1405, #2144 ) ) ;
#2321 = LINE ( 'NONE', #357, #1033 ) ;
#2322 = DIRECTION ( 'NONE',  ( 0.000000000000000000, 0.000000000000000000, -1.000000000000000000 ) ) ;
#2323 = DIRECTION ( 'NONE',  ( 0.000000000000000000, 0.000000000000000000, 1.000000000000000000 ) ) ;
#2324 = ADVANCED_FACE ( 'NONE', ( #181 ), #134, .F. ) ;
#2325 = CARTESIAN_POINT ( 'NONE',  ( 0.08899999999999999578, 0.09099999999999999756, -0.1510000000000000786 ) ) ;
#2326 = CARTESIAN_POINT ( 'NONE',  ( -0.06961818244494397123, -0.05709155785906511182, -0.1135000000000000314 ) ) ;
#2327 = EDGE_CURVE ( 'NONE', #1105, #2446, #552, .T. ) ;
#2328 = LENGTH_MEASURE_WITH_UNIT ( LENGTH_MEASURE( 0.02539999999999999897 ), #365 );
#2329 = VERTEX_POINT ( 'NONE', #2157 ) ;
#2330 = ADVANCED_FACE ( 'NONE', ( #2574 ), #2382, .T. ) ;
#2331 = ORIENTED_EDGE ( 'NONE', *, *, #1644, .F. ) ;
#2332 =( GEOMETRIC_REPRESENTATION_CONTEXT ( 3 ) GLOBAL_UNCERTAINTY_ASSIGNED_CONTEXT ( ( #637 ) ) GLOBAL_UNIT_ASSIGNED_CONTEXT ( ( #1708, #476, #2489 ) ) REPRESENTATION_CONTEXT ( 'NONE', 'WORKASPACE' ) );
#2333 = DIRECTION ( 'NONE',  ( 1.000000000000000000, -0.000000000000000000, 0.000000000000000000 ) ) ;
#2334 = ORIENTED_EDGE ( 'NONE', *, *, #580, .T. ) ;
#2335 = VECTOR ( 'NONE', #1205, 39.37007874015748143 ) ;
#2336 = DIRECTION ( 'NONE',  ( 0.000000000000000000, 0.000000000000000000, 1.000000000000000000 ) ) ;
#2337 = DIRECTION ( 'NONE',  ( 0.000000000000000000, 1.000000000000000000, 0.000000000000000000 ) ) ;
#2338 = VECTOR ( 'NONE', #1502, 39.37007874015748143 ) ;
#2339 = CARTESIAN_POINT ( 'NONE',  ( 0.04250000000000000999, 0.000000000000000000, -0.1298484800354236801 ) ) ;
#2340 = AXIS2_PLACEMENT_3D ( 'NONE', #2106, #1737, #961 ) ;
#2341 = CARTESIAN_POINT ( 'NONE',  ( 0.000000000000000000, 0.000000000000000000, -0.09850000000000005973 ) ) ;
#2342 = VERTEX_POINT ( 'NONE', #1149 ) ;
#2343 =( GEOMETRIC_REPRESENTATION_CONTEXT ( 3 ) GLOBAL_UNCERTAINTY_ASSIGNED_CONTEXT ( ( #962 ) ) GLOBAL_UNIT_ASSIGNED_CONTEXT ( ( #2354, #759, #576 ) ) REPRESENTATION_CONTEXT ( 'NONE', 'WORKASPACE' ) );
#2344 = ADVANCED_FACE ( 'NONE', ( #121 ), #2145, .T. ) ;
#2345 = DIMENSIONAL_EXPONENTS ( 1.000000000000000000, 0.000000000000000000, 0.000000000000000000, 0.000000000000000000, 0.000000000000000000, 0.000000000000000000, 0.000000000000000000 ) ;
#2346 = ORIENTED_EDGE ( 'NONE', *, *, #2131, .F. ) ;
#2347 = B_SPLINE_CURVE_WITH_KNOTS ( 'NONE', 3,
 ( #585, #1392, #2608, #786 ),
 .UNSPECIFIED., .F., .F.,
 ( 4, 4 ),
 ( 0.000000000000000000, 0.0003116023134073340095 ),
 .UNSPECIFIED. ) ;
#2348 = CARTESIAN_POINT ( 'NONE',  ( 0.04250000000000003081, -0.04499999999999999833, 1.029161891307986957E-17 ) ) ;
#2349 = CARTESIAN_POINT ( 'NONE',  ( -0.04250000000000000999, -0.04499999999999999833, -0.1256150452459330602 ) ) ;
#2350 = EDGE_LOOP ( 'NONE', ( #540, #78, #2587, #1707, #681 ) ) ;
#2351 = LINE ( 'NONE', #1536, #339 ) ;
#2352 =( LENGTH_UNIT ( ) NAMED_UNIT ( * ) SI_UNIT ( $, .METRE. ) );
#2353 = CARTESIAN_POINT ( 'NONE',  ( 0.04718887012042747436, -0.04889380087786039664, -0.1298484800354237079 ) ) ;
#2354 =( CONVERSION_BASED_UNIT ( 'INCH', #1599 ) LENGTH_UNIT ( ) NAMED_UNIT ( #2345 ) );
#2355 = ADVANCED_FACE ( 'NONE', ( #1773 ), #170, .T. ) ;
#2356 = ORIENTED_EDGE ( 'NONE', *, *, #1257, .F. ) ;
#2357 = CARTESIAN_POINT ( 'NONE',  ( -0.07384848003542364425, -0.04889380087786041745, -0.1031888701204275172 ) ) ;
#2358 = CIRCLE ( 'NONE', #1654, 0.02100293032991129918 ) ;
#2359 = VERTEX_POINT ( 'NONE', #2309 ) ;
#2360 = EDGE_CURVE ( 'NONE', #113, #401, #1902, .T. ) ;
#2361 = CARTESIAN_POINT ( 'NONE',  ( -0.02615151996457636130, -0.04499999999999999833, 0.000000000000000000 ) ) ;
#2362 = ORIENTED_EDGE ( 'NONE', *, *, #1431, .F. ) ;
#2363 = DIRECTION ( 'NONE',  ( 1.000000000000000000, -0.000000000000000000, 0.000000000000000000 ) ) ;
#2364 = CARTESIAN_POINT ( 'NONE',  ( -0.08899999999999999578, 0.1899999999999999467, 0.09899999999999994915 ) ) ;
#2365 = CARTESIAN_POINT ( 'NONE',  ( 0.04250000000000001693, -0.05709155785906511182, -0.08638181755505607018 ) ) ;
#2366 = LENGTH_MEASURE_WITH_UNIT ( LENGTH_MEASURE( 0.02539999999999999897 ), #1147 );
#2367 = ORIENTED_EDGE ( 'NONE', *, *, #1266, .F. ) ;
#2368 =( CONVERSION_BASED_UNIT ( 'INCH', #1329 ) LENGTH_UNIT ( ) NAMED_UNIT ( #2559 ) );
#2369 = SURFACE_STYLE_FILL_AREA ( #1575 ) ;
#2370 = ORIENTED_EDGE ( 'NONE', *, *, #1779, .T. ) ;
#2371 = DIRECTION ( 'NONE',  ( 0.000000000000000000, 0.000000000000000000, 1.000000000000000000 ) ) ;
#2372 = AXIS2_PLACEMENT_3D ( 'NONE', #384, #2019, #2401 ) ;
#2373 = LINE ( 'NONE', #145, #2291 ) ;
#2374 = STYLED_ITEM ( 'NONE', ( #84 ), #739 ) ;
#2375 = DIMENSIONAL_EXPONENTS ( 1.000000000000000000, 0.000000000000000000, 0.000000000000000000, 0.000000000000000000, 0.000000000000000000, 0.000000000000000000, 0.000000000000000000 ) ;
#2376 = VECTOR ( 'NONE', #1308, 39.37007874015748143 ) ;
#2377 = CARTESIAN_POINT ( 'NONE',  ( -0.05000000000000000278, 0.000000000000000000, -0.1060000000000000386 ) ) ;
#2378 = DIRECTION ( 'NONE',  ( 1.000000000000000000, -0.000000000000000000, 0.000000000000000000 ) ) ;
#2379 = ADVANCED_FACE ( 'NONE', ( #974 ), #1389, .T. ) ;
#2380 = AXIS2_PLACEMENT_3D ( 'NONE', #757, #743, #114 ) ;
#2381 = VECTOR ( 'NONE', #1901, 39.37007874015748143 ) ;
#2382 = PLANE ( 'NONE',  #826 ) ;
#2383 = FILL_AREA_STYLE ('',( #723 ) ) ;
#2384 = B_SPLINE_CURVE_WITH_KNOTS ( 'NONE', 3,
 ( #1620, #811, #1404, #232 ),
 .UNSPECIFIED., .F., .F.,
 ( 4, 4 ),
 ( 0.000000000000000000, 1.090392476416263033E-07 ),
 .UNSPECIFIED. ) ;
#2385 = ORIENTED_EDGE ( 'NONE', *, *, #137, .F. ) ;
#2386 = VECTOR ( 'NONE', #112, 39.37007874015748143 ) ;
#2387 = PLANE ( 'NONE',  #601 ) ;
#2388 = VECTOR ( 'NONE', #2378, 39.37007874015748143 ) ;
#2389 = DIRECTION ( 'NONE',  ( 0.000000000000000000, 1.000000000000000000, 0.000000000000000000 ) ) ;
#2390 = ORIENTED_EDGE ( 'NONE', *, *, #1222, .T. ) ;
#2391 = PLANE ( 'NONE',  #1667 ) ;
#2392 = CIRCLE ( 'NONE', #915, 0.02100293032991129918 ) ;
#2393 = DIRECTION ( 'NONE',  ( 0.000000000000000000, 1.000000000000000000, 0.000000000000000000 ) ) ;
#2394 = EDGE_CURVE ( 'NONE', #702, #833, #186, .T. ) ;
#2395 = FACE_OUTER_BOUND ( 'NONE', #1979, .T. ) ;
#2396 = CARTESIAN_POINT ( 'NONE',  ( -0.08899999999999999578, 0.000000000000000000, 0.07000000000000007605 ) ) ;
#2397 =( NAMED_UNIT ( * ) SI_UNIT ( $, .STERADIAN. ) SOLID_ANGLE_UNIT ( ) );
#2398 = ORIENTED_EDGE ( 'NONE', *, *, #249, .F. ) ;
#2399 = DIRECTION ( 'NONE',  ( 0.000000000000000000, -1.000000000000000000, 0.000000000000000000 ) ) ;
#2400 = ORIENTED_EDGE ( 'NONE', *, *, #1409, .F. ) ;
#2401 = DIRECTION ( 'NONE',  ( 0.000000000000000000, 0.000000000000000000, 1.000000000000000000 ) ) ;
#2402 = APPLICATION_CONTEXT ( 'automotive_design' ) ;
#2403 = ORIENTED_EDGE ( 'NONE', *, *, #1440, .F. ) ;
#2404 = EDGE_CURVE ( 'NONE', #2521, #1457, #1379, .T. ) ;
#2405 = DIRECTION ( 'NONE',  ( -1.000000000000000000, -0.000000000000000000, -0.000000000000000000 ) ) ;
#2406 = DIRECTION ( 'NONE',  ( -1.000000000000000000, 0.000000000000000000, 0.000000000000000000 ) ) ;
#2407 = DIRECTION ( 'NONE',  ( 1.000000000000000000, 0.000000000000000000, 0.000000000000000000 ) ) ;
#2408 = EDGE_CURVE ( 'NONE', #2018, #1528, #439, .T. ) ;
#2409 = VERTEX_POINT ( 'NONE', #115 ) ;
#2410 = CARTESIAN_POINT ( 'NONE',  ( -0.07384848003542363037, 0.000000000000000000, -0.000000000000000000 ) ) ;
#2411 = PLANE ( 'NONE',  #1589 ) ;
#2412 = ORIENTED_EDGE ( 'NONE', *, *, #1982, .T. ) ;
#2413 = DIRECTION ( 'NONE',  ( 1.000000000000000000, 0.000000000000000000, 0.000000000000000000 ) ) ;
#2414 = CARTESIAN_POINT ( 'NONE',  ( 0.02615151996457637865, -0.04741175664668355327, -0.1006237955691653418 ) ) ;
#2415 = ORIENTED_EDGE ( 'NONE', *, *, #1750, .F. ) ;
#2416 = AXIS2_PLACEMENT_3D ( 'NONE', #1287, #246, #455 ) ;
#2417 =( LENGTH_UNIT ( ) NAMED_UNIT ( * ) SI_UNIT ( $, .METRE. ) );
#2418 = CARTESIAN_POINT ( 'NONE',  ( 0.04250000000000001693, -0.05709448818897639583, -0.1256150452459330880 ) ) ;
#2419 = STYLED_ITEM ( 'NONE', ( #2148 ), #537 ) ;
#2420 = DIRECTION ( 'NONE',  ( 1.000000000000000000, -0.000000000000000000, 0.000000000000000000 ) ) ;
#2421 =( GEOMETRIC_REPRESENTATION_CONTEXT ( 3 ) GLOBAL_UNCERTAINTY_ASSIGNED_CONTEXT ( ( #1250 ) ) GLOBAL_UNIT_ASSIGNED_CONTEXT ( ( #130, #1364, #1756 ) ) REPRESENTATION_CONTEXT ( 'NONE', 'WORKASPACE' ) );
#2422 = PRODUCT_DEFINITION_SHAPE ( 'NONE', 'NONE',  #1556 ) ;
#2423 = ORIENTED_EDGE ( 'NONE', *, *, #249, .T. ) ;
#2424 = STYLED_ITEM ( 'NONE', ( #2084 ), #1397 ) ;
#2425 = DIRECTION ( 'NONE',  ( 0.000000000000000000, 0.000000000000000000, 1.000000000000000000 ) ) ;
#2426 = FACE_OUTER_BOUND ( 'NONE', #1532, .T. ) ;
#2427 = ORIENTED_EDGE ( 'NONE', *, *, #2142, .F. ) ;
#2428 = CARTESIAN_POINT ( 'NONE',  ( -0.06961504524593303822, -0.05709448818897639583, -0.1135000000000000314 ) ) ;
#2429 = EDGE_CURVE ( 'NONE', #2172, #2055, #1346, .T. ) ;
#2430 = LINE ( 'NONE', #201, #57 ) ;
#2431 = STYLED_ITEM ( 'NONE', ( #1743 ), #2355 ) ;
#2432 = ORIENTED_EDGE ( 'NONE', *, *, #639, .T. ) ;
#2433 = MECHANICAL_DESIGN_GEOMETRIC_PRESENTATION_REPRESENTATION (  '', ( #1846 ), #158 ) ;
#2434 = LINE ( 'NONE', #1843, #442 ) ;
#2435 = DIRECTION ( 'NONE',  ( 0.000000000000000000, 1.000000000000000000, 0.000000000000000000 ) ) ;
#2436 = ADVANCED_FACE ( 'NONE', ( #693 ), #400, .T. ) ;
#2437 = DIRECTION ( 'NONE',  ( -1.000000000000000000, -0.000000000000000000, -0.000000000000000000 ) ) ;
#2438 = VERTEX_POINT ( 'NONE', #1849 ) ;
#2439 = DIRECTION ( 'NONE',  ( 0.000000000000000000, -1.000000000000000000, 0.000000000000000000 ) ) ;
#2440 = B_SPLINE_CURVE_WITH_KNOTS ( 'NONE', 3,
 ( #1763, #1749, #907, #338 ),
 .UNSPECIFIED., .F., .F.,
 ( 4, 4 ),
 ( 0.000000000000000000, 1.090392476414782843E-07 ),
 .UNSPECIFIED. ) ;
#2441 = EDGE_CURVE ( 'NONE', #1552, #800, #2392, .T. ) ;
#2442 = ORIENTED_EDGE ( 'NONE', *, *, #2394, .T. ) ;
#2443 = FACE_OUTER_BOUND ( 'NONE', #1859, .T. ) ;
#2444 = EDGE_CURVE ( 'NONE', #1492, #1832, #1019, .T. ) ;
#2445 = DIRECTION ( 'NONE',  ( 0.000000000000000000, 0.000000000000000000, -1.000000000000000000 ) ) ;
#2446 = VERTEX_POINT ( 'NONE', #613 ) ;
#2447 = EDGE_CURVE ( 'NONE', #1803, #948, #2384, .T. ) ;
#2448 =( CONVERSION_BASED_UNIT ( 'INCH', #1411 ) LENGTH_UNIT ( ) NAMED_UNIT ( #514 ) );
#2449 = LINE ( 'NONE', #632, #2130 ) ;
#2450 =( NAMED_UNIT ( * ) SI_UNIT ( $, .STERADIAN. ) SOLID_ANGLE_UNIT ( ) );
#2451 = LINE ( 'NONE', #1045, #680 ) ;
#2452 = ORIENTED_EDGE ( 'NONE', *, *, #1307, .F. ) ;
#2453 = SURFACE_SIDE_STYLE ('',( #31 ) ) ;
#2454 = CARTESIAN_POINT ( 'NONE',  ( 0.05000000000000000278, -0.04499999999999999833, -0.1060000000000000386 ) ) ;
#2455 = VERTEX_POINT ( 'NONE', #2016 ) ;
#2456 = LENGTH_MEASURE_WITH_UNIT ( LENGTH_MEASURE( 0.02539999999999999897 ), #34 );
#2457 = CARTESIAN_POINT ( 'NONE',  ( -0.06899999999999999190, 0.1899999999999999467, 0.09899999999999994915 ) ) ;
#2458 = ORIENTED_EDGE ( 'NONE', *, *, #872, .F. ) ;
#2459 = DIRECTION ( 'NONE',  ( 0.000000000000000000, 0.000000000000000000, -1.000000000000000000 ) ) ;
#2460 = CYLINDRICAL_SURFACE ( 'NONE', #734, 0.02099999999999999437 ) ;
#2461 = DIRECTION ( 'NONE',  ( 0.000000000000000000, 0.000000000000000000, 1.000000000000000000 ) ) ;
#2462 = AXIS2_PLACEMENT_3D ( 'NONE', #2471, #238, #1517 ) ;
#2463 = EDGE_LOOP ( 'NONE', ( #436, #817, #1283, #424 ) ) ;
#2464 = VECTOR ( 'NONE', #1626, 39.37007874015748143 ) ;
#2465 =( LENGTH_UNIT ( ) NAMED_UNIT ( * ) SI_UNIT ( $, .METRE. ) );
#2466 = ORIENTED_EDGE ( 'NONE', *, *, #1436, .T. ) ;
#2467 = CARTESIAN_POINT ( 'NONE',  ( 0.07384848003542364425, -0.04557619047619070746, -0.09850000000000005973 ) ) ;
#2468 = MECHANICAL_DESIGN_GEOMETRIC_PRESENTATION_REPRESENTATION (  '', ( #1798 ), #1043 ) ;
#2469 = EDGE_CURVE ( 'NONE', #6, #1672, #1030, .T. ) ;
#2470 = DIRECTION ( 'NONE',  ( 0.000000000000000000, 0.000000000000000000, -1.000000000000000000 ) ) ;
#2471 = CARTESIAN_POINT ( 'NONE',  ( -0.05000000000000000278, -0.05709448818897639583, -0.1060000000000000386 ) ) ;
#2472 = DIRECTION ( 'NONE',  ( 0.000000000000000000, 1.000000000000000000, 0.000000000000000000 ) ) ;
#2473 = COLOUR_RGB ( '',1.000000000000000000, 1.000000000000000000, 1.000000000000000000 ) ;
#2474 = DIRECTION ( 'NONE',  ( -1.789846767492151894E-16, 0.000000000000000000, -1.000000000000000000 ) ) ;
#2475 = ORIENTED_EDGE ( 'NONE', *, *, #1967, .T. ) ;
#2476 = DIRECTION ( 'NONE',  ( 0.000000000000000000, 1.000000000000000000, 3.752538452835526323E-16 ) ) ;
#2477 = ORIENTED_EDGE ( 'NONE', *, *, #914, .T. ) ;
#2478 = LINE ( 'NONE', #2254, #763 ) ;
#2479 = ORIENTED_EDGE ( 'NONE', *, *, #1509, .T. ) ;
#2480 = CARTESIAN_POINT ( 'NONE',  ( -0.05749999999999999556, -0.05709155785906511182, -0.08638181755505607018 ) ) ;
#2481 = B_SPLINE_CURVE_WITH_KNOTS ( 'NONE', 3,
 ( #2480, #60, #2256, #2056 ),
 .UNSPECIFIED., .F., .F.,
 ( 4, 4 ),
 ( 2.287560554741584044E-07, 0.0003118310694628091380 ),
 .UNSPECIFIED. ) ;
#2482 = FACE_OUTER_BOUND ( 'NONE', #720, .T. ) ;
#2483 = ADVANCED_FACE ( 'NONE', ( #1435 ), #277, .T. ) ;
#2484 = LINE ( 'NONE', #2310, #1238 ) ;
#2485 = ORIENTED_EDGE ( 'NONE', *, *, #951, .F. ) ;
#2486 = CARTESIAN_POINT ( 'NONE',  ( -0.04250000000000000999, -0.05709448818897639583, -0.08638495475406701707 ) ) ;
#2487 = ADVANCED_FACE ( 'NONE', ( #828 ), #1234, .T. ) ;
#2488 = EDGE_LOOP ( 'NONE', ( #1573, #1929 ) ) ;
#2489 =( NAMED_UNIT ( * ) SI_UNIT ( $, .STERADIAN. ) SOLID_ANGLE_UNIT ( ) );
#2490 = EDGE_CURVE ( 'NONE', #1528, #306, #1634, .T. ) ;
#2491 = CARTESIAN_POINT ( 'NONE',  ( -0.08899999999999999578, 0.000000000000000000, -0.1510000000000001064 ) ) ;
#2492 = PLANE ( 'NONE',  #322 ) ;
#2493 = FILL_AREA_STYLE_COLOUR ( '', #1505 ) ;
#2494 = LINE ( 'NONE', #485, #346 ) ;
#2495 = DIRECTION ( 'NONE',  ( 0.000000000000000000, 1.000000000000000000, 0.000000000000000000 ) ) ;
#2496 = EDGE_LOOP ( 'NONE', ( #2331, #1199, #866, #1051 ) ) ;
#2497 = MECHANICAL_DESIGN_GEOMETRIC_PRESENTATION_REPRESENTATION (  '', ( #468 ), #2539 ) ;
#2498 = DIRECTION ( 'NONE',  ( 0.000000000000000000, 0.000000000000000000, 1.000000000000000000 ) ) ;
#2499 = ORIENTED_EDGE ( 'NONE', *, *, #2522, .F. ) ;
#2500 = LINE ( 'NONE', #2286, #1912 ) ;
#2501 = ORIENTED_EDGE ( 'NONE', *, *, #2360, .T. ) ;
#2502 = PLANE ( 'NONE',  #308 ) ;
#2503 = AXIS2_PLACEMENT_3D ( 'NONE', #2377, #955, #1770 ) ;
#2504 = DIRECTION ( 'NONE',  ( -1.000000000000000000, 0.000000000000000000, -0.000000000000000000 ) ) ;
#2505 = AXIS2_PLACEMENT_3D ( 'NONE', #2609, #403, #630 ) ;
#2506 =( NAMED_UNIT ( * ) SI_UNIT ( $, .STERADIAN. ) SOLID_ANGLE_UNIT ( ) );
#2507 = B_SPLINE_CURVE_WITH_KNOTS ( 'NONE', 3,
 ( #983, #932, #153, #2357, #2563, #534 ),
 .UNSPECIFIED., .F., .F.,
 ( 4, 2, 4 ),
 ( -0.0002440764110120298566, -3.352089098414482555E-05, 0.0001770346290437402055 ),
 .UNSPECIFIED. ) ;
#2508 = CARTESIAN_POINT ( 'NONE',  ( -0.05749999999999999556, -0.05709155785906511182, -0.08638181755505607018 ) ) ;
#2509 = DIRECTION ( 'NONE',  ( 0.000000000000000000, 1.000000000000000000, 0.000000000000000000 ) ) ;
#2510 = VERTEX_POINT ( 'NONE', #1447 ) ;
#2511 = AXIS2_PLACEMENT_3D ( 'NONE', #738, #1340, #1384 ) ;
#2512 = B_SPLINE_CURVE_WITH_KNOTS ( 'NONE', 3,
 ( #330, #340, #1963, #909 ),
 .UNSPECIFIED., .F., .F.,
 ( 4, 4 ),
 ( 2.287560554740835479E-07, 0.0003118310694628097885 ),
 .UNSPECIFIED. ) ;
#2513 = ADVANCED_FACE ( 'NONE', ( #2426 ), #1125, .T. ) ;
#2514 = AXIS2_PLACEMENT_3D ( 'NONE', #1722, #1285, #266 ) ;
#2515 = DIRECTION ( 'NONE',  ( -1.000000000000000000, -0.000000000000000000, -0.000000000000000000 ) ) ;
#2516 = VERTEX_POINT ( 'NONE', #54 ) ;
#2517 = CARTESIAN_POINT ( 'NONE',  ( -0.05900000000000000383, 0.1499999999999999667, 0.09899999999999994915 ) ) ;
#2518 = EDGE_LOOP ( 'NONE', ( #892, #195, #1131, #1732, #2265, #1949, #123, #2385, #42, #2501, #207, #2029, #1545, #1445, #855, #2412 ) ) ;
#2519 = EDGE_CURVE ( 'NONE', #2229, #597, #1299, .T. ) ;
#2520 = CARTESIAN_POINT ( 'NONE',  ( -0.05000000000000000278, -0.06300000000000000044, -0.09090551181102367317 ) ) ;
#2521 = VERTEX_POINT ( 'NONE', #79 ) ;
#2522 = EDGE_CURVE ( 'NONE', #2409, #2161, #1040, .T. ) ;
#2523 = CARTESIAN_POINT ( 'NONE',  ( 0.03038181755505604126, -0.05709155785906511182, -0.1135000000000000314 ) ) ;
#2524 = DIRECTION ( 'NONE',  ( -0.000000000000000000, 1.000000000000000000, -0.000000000000000000 ) ) ;
#2525 = STYLED_ITEM ( 'NONE', ( #1324 ), #14 ) ;
#2526 = ORIENTED_EDGE ( 'NONE', *, *, #2046, .T. ) ;
#2527 = FACE_OUTER_BOUND ( 'NONE', #2496, .T. ) ;
#2528 = VERTEX_POINT ( 'NONE', #2065 ) ;
#2529 = CARTESIAN_POINT ( 'NONE',  ( 0.05000000000000000278, -0.05709155785906511182, -0.1060000000000000386 ) ) ;
#2530 = ORIENTED_EDGE ( 'NONE', *, *, #982, .T. ) ;
#2531 = CARTESIAN_POINT ( 'NONE',  ( -0.04722662159228413481, -0.04852391958048676845, -0.08215151996457642491 ) ) ;
#2532 = DIRECTION ( 'NONE',  ( 0.000000000000000000, 0.000000000000000000, -1.000000000000000000 ) ) ;
#2533 = SURFACE_STYLE_USAGE ( .BOTH. , #370 ) ;
#2534 = CARTESIAN_POINT ( 'NONE',  ( 0.04250000000000000999, -0.04557619047619072133, -0.1298484800354236801 ) ) ;
#2535 = CARTESIAN_POINT ( 'NONE',  ( 0.02615151996457637865, -0.04557619047619075603, -0.1135000000000000314 ) ) ;
#2536 = VERTEX_POINT ( 'NONE', #2275 ) ;
#2537 = ORIENTED_EDGE ( 'NONE', *, *, #633, .T. ) ;
#2538 = CARTESIAN_POINT ( 'NONE',  ( 0.06961504524593303822, -0.04499999999999999833, -0.09850000000000005973 ) ) ;
#2539 =( GEOMETRIC_REPRESENTATION_CONTEXT ( 3 ) GLOBAL_UNCERTAINTY_ASSIGNED_CONTEXT ( ( #1659 ) ) GLOBAL_UNIT_ASSIGNED_CONTEXT ( ( #703, #1124, #1786 ) ) REPRESENTATION_CONTEXT ( 'NONE', 'WORKASPACE' ) );
#2540 = DIRECTION ( 'NONE',  ( 0.000000000000000000, -1.000000000000000000, 0.000000000000000000 ) ) ;
#2541 = ORIENTED_EDGE ( 'NONE', *, *, #956, .F. ) ;
#2542 = AXIS2_PLACEMENT_3D ( 'NONE', #711, #752, #726 ) ;
#2543 = CARTESIAN_POINT ( 'NONE',  ( -0.03038390901609399133, -0.05709351141765947601, -0.09850000000000005973 ) ) ;
#2544 = ADVANCED_FACE ( 'NONE', ( #890 ), #1706, .T. ) ;
#2545 =( GEOMETRIC_REPRESENTATION_CONTEXT ( 3 ) GLOBAL_UNCERTAINTY_ASSIGNED_CONTEXT ( ( #1551 ) ) GLOBAL_UNIT_ASSIGNED_CONTEXT ( ( #2448, #1228, #620 ) ) REPRESENTATION_CONTEXT ( 'NONE', 'WORKASPACE' ) );
#2546 = CARTESIAN_POINT ( 'NONE',  ( -0.02895738475843632337, -0.05325839808708393575, -0.09850000000000005973 ) ) ;
#2547 = CARTESIAN_POINT ( 'NONE',  ( 0.000000000000000000, 0.000000000000000000, -0.1298484800354236801 ) ) ;
#2548 = COLOUR_RGB ( '',1.000000000000000000, 1.000000000000000000, 1.000000000000000000 ) ;
#2549 = CARTESIAN_POINT ( 'NONE',  ( 0.06961504524593303822, 0.000000000000000000, -0.09850000000000005973 ) ) ;
#2550 = CARTESIAN_POINT ( 'NONE',  ( 0.05000000000000000278, -0.05709155785906511182, -0.08499706967008875680 ) ) ;
#2551 = STYLED_ITEM ( 'NONE', ( #659 ), #2284 ) ;
#2552 = DIRECTION ( 'NONE',  ( -0.000000000000000000, 1.000000000000000000, -0.000000000000000000 ) ) ;
#2553 = ORIENTED_EDGE ( 'NONE', *, *, #1446, .T. ) ;
#2554 = CARTESIAN_POINT ( 'NONE',  ( 0.08899999999999999578, 0.2017157287525380982, 0.04297509910673081440 ) ) ;
#2555 = MECHANICAL_DESIGN_GEOMETRIC_PRESENTATION_REPRESENTATION (  '', ( #1555 ), #1383 ) ;
#2556 = CARTESIAN_POINT ( 'NONE',  ( 0.05138870363206825276, -0.04889366465985117705, -0.08215151996457641104 ) ) ;
#2557 = ORIENTED_EDGE ( 'NONE', *, *, #1598, .F. ) ;
#2558 = DIRECTION ( 'NONE',  ( 0.000000000000000000, -0.000000000000000000, 1.000000000000000000 ) ) ;
#2559 = DIMENSIONAL_EXPONENTS ( 1.000000000000000000, 0.000000000000000000, 0.000000000000000000, 0.000000000000000000, 0.000000000000000000, 0.000000000000000000, 0.000000000000000000 ) ;
#2560 = CARTESIAN_POINT ( 'NONE',  ( 0.04250000000000001693, -0.04557619047619073521, -0.08215151996457641104 ) ) ;
#2561 = LINE ( 'NONE', #2572, #1595 ) ;
#2562 = ADVANCED_FACE ( 'NONE', ( #854 ), #488, .F. ) ;
#2563 = CARTESIAN_POINT ( 'NONE',  ( -0.07384848003542364425, -0.04741175664668355327, -0.1006237955691653418 ) ) ;
#2564 = DIRECTION ( 'NONE',  ( 1.000000000000000000, -0.000000000000000000, 0.000000000000000000 ) ) ;
#2565 = VERTEX_POINT ( 'NONE', #474 ) ;
#2566 = DIRECTION ( 'NONE',  ( 8.129365613371420920E-16, 0.000000000000000000, 1.000000000000000000 ) ) ;
#2567 = UNCERTAINTY_MEASURE_WITH_UNIT (LENGTH_MEASURE( 1.000000000000000082E-05 ), #2060, 'distance_accuracy_value', 'NONE');
#2568 = ORIENTED_EDGE ( 'NONE', *, *, #1896, .T. ) ;
#2569 = EDGE_CURVE ( 'NONE', #936, #920, #271, .T. ) ;
#2570 = CARTESIAN_POINT ( 'NONE',  ( 0.05750000000000000250, -0.04499999999999999833, 0.000000000000000000 ) ) ;
#2571 = DIRECTION ( 'NONE',  ( 0.000000000000000000, -1.000000000000000000, -3.752538452835526323E-16 ) ) ;
#2572 = CARTESIAN_POINT ( 'NONE',  ( -0.05000000000000000278, -0.05709448818897639583, -0.08500000000000004774 ) ) ;
#2573 = PLANE ( 'NONE',  #1015 ) ;
#2574 = FACE_OUTER_BOUND ( 'NONE', #1909, .T. ) ;
#2575 = SURFACE_STYLE_FILL_AREA ( #2383 ) ;
#2576 = ORIENTED_EDGE ( 'NONE', *, *, #1222, .F. ) ;
#2577 = CARTESIAN_POINT ( 'NONE',  ( -0.04250000000000000999, -0.05709155785906511182, -0.1256181824449440210 ) ) ;
#2578 = VERTEX_POINT ( 'NONE', #2486 ) ;
#2579 = CARTESIAN_POINT ( 'NONE',  ( 0.08899999999999999578, 0.000000000000000000, 0.09899999999999994915 ) ) ;
#2580 = AXIS2_PLACEMENT_3D ( 'NONE', #1740, #319, #1553 ) ;
#2581 = CARTESIAN_POINT ( 'NONE',  ( -0.02615151996457636477, -0.04649241410779956368, -0.09956009345805995336 ) ) ;
#2582 = MECHANICAL_DESIGN_GEOMETRIC_PRESENTATION_REPRESENTATION (  '', ( #2374 ), #898 ) ;
#2583 = DIRECTION ( 'NONE',  ( 0.000000000000000000, 1.000000000000000000, 0.000000000000000000 ) ) ;
#2584 = CARTESIAN_POINT ( 'NONE',  ( -0.02895738475843631990, -0.05325839808708392881, -0.1135000000000000314 ) ) ;
#2585 = VECTOR ( 'NONE', #2604, 39.37007874015748143 ) ;
#2586 = PRESENTATION_STYLE_ASSIGNMENT (( #1162 ) ) ;
#2587 = ORIENTED_EDGE ( 'NONE', *, *, #1598, .T. ) ;
#2588 = CIRCLE ( 'NONE', #953, 0.02099999999999999437 ) ;
#2589 = EDGE_CURVE ( 'NONE', #1492, #597, #252, .T. ) ;
#2590 = CARTESIAN_POINT ( 'NONE',  ( 0.06961818244494398511, -0.05709155785906510489, -0.1135000000000000314 ) ) ;
#2591 = UNCERTAINTY_MEASURE_WITH_UNIT (LENGTH_MEASURE( 1.000000000000000082E-05 ), #2368, 'distance_accuracy_value', 'NONE');
#2592 = VERTEX_POINT ( 'NONE', #904 ) ;
#2593 = DIRECTION ( 'NONE',  ( 0.000000000000000000, 0.000000000000000000, 1.000000000000000000 ) ) ;
#2594 = AXIS2_PLACEMENT_3D ( 'NONE', #453, #1872, #2476 ) ;
#2595 = ADVANCED_FACE ( 'NONE', ( #1103 ), #1484, .T. ) ;
#2596 = EDGE_LOOP ( 'NONE', ( #1286, #572, #264, #1807, #1883 ) ) ;
#2597 = PRESENTATION_STYLE_ASSIGNMENT (( #999 ) ) ;
#2598 = CARTESIAN_POINT ( 'NONE',  ( 0.05750000000000000250, -0.05709155785906511182, -0.1256181824449440210 ) ) ;
#2599 =( NAMED_UNIT ( * ) PLANE_ANGLE_UNIT ( ) SI_UNIT ( $, .RADIAN. ) );
#2600 = EDGE_CURVE ( 'NONE', #292, #45, #94, .T. ) ;
#2601 = DIRECTION ( 'NONE',  ( -0.000000000000000000, -0.000000000000000000, -1.000000000000000000 ) ) ;
#2602 = ORIENTED_EDGE ( 'NONE', *, *, #1115, .F. ) ;
#2603 = CARTESIAN_POINT ( 'NONE',  ( 0.07245021632821475877, -0.04941897348264880085, -0.1135000000000000314 ) ) ;
#2604 = DIRECTION ( 'NONE',  ( 1.000000000000000000, -0.000000000000000000, 0.000000000000000000 ) ) ;
#2605 = COLOUR_RGB ( '',1.000000000000000000, 1.000000000000000000, 1.000000000000000000 ) ;
#2606 =( NAMED_UNIT ( * ) PLANE_ANGLE_UNIT ( ) SI_UNIT ( $, .RADIAN. ) );
#2607 = EDGE_LOOP ( 'NONE', ( #427, #1330, #1761, #33 ) ) ;
#2608 = CARTESIAN_POINT ( 'NONE',  ( -0.07104261524156367524, -0.05325839808708392881, -0.09850000000000005973 ) ) ;
#2609 = CARTESIAN_POINT ( 'NONE',  ( 0.05000000000000000278, -0.06300000000000000044, -0.1060000000000000386 ) ) ;
#2610 = EDGE_LOOP ( 'NONE', ( #2423, #1374, #2526, #239, #331 ) ) ;
#2611 = CARTESIAN_POINT ( 'NONE',  ( 0.02615151996457637865, -0.04499999999999999833, -0.1135000000000000314 ) ) ;
#2612 = DIRECTION ( 'NONE',  ( -1.000000000000000000, -0.000000000000000000, -0.000000000000000000 ) ) ;
#2613 = ADVANCED_FACE ( 'NONE', ( #1472 ), #698, .T. ) ;
ENDSEC;
END-ISO-10303-21;
